liga,temporada,equipo,id,nombre,pais,posicion,dorsal,Time Played,min_90,muestra_fiable,Aerial Duels,Aerial Duels lost,Aerial Duels won,Appearances,Assists (Intentional),Backward Passes,Blocked Shots,Blocks,Carries,Clean Sheets,Clearances Off the Line,Corners Won,Duels,Duels lost,Duels won,Final Third Touches,Forward Passes,Foul Attempted Tackle,Games Played,Goal Assists,Goals Conceded,Goals Conceded Inside Box,Goals Conceded Outside Box,Ground Duels,Ground Duels lost,Ground Duels won,Handballs conceded,Interceptions,Key Passes (Attempt Assists),Leftside Passes,Offsides,Open Play Passes,Overruns,Penalty Goals Conceded,Progressive Carries,PutThrough/Blocked Distribution,PutThrough/Blocked Distribution Won,Recoveries,Rightside Passes,Shots Created,Shots Off Target (inc woodwork),Starts,Substitute Off,Substitute On,Successful Crosses & Corners,Successful Crosses open play,Successful Dribbles,Successful Launches,Successful Lay-offs,Successful Long Passes,Successful Open Play Passes,Successful Passes Opposition Half,Successful Passes Own Half,Successful Short Passes,Tackles Lost,Tackles Won,Throw Ins to Opposition Player,Throw Ins to Own Player,Times Tackled,Total Big Chances Created,Total Big Chances Saved,Total Clearances,Total Fouls Conceded,Total Fouls Won,Total Losses Of Possession,Total Passes,Total Shots,Total Successful Passes ( Excl Crosses & Corners ),Total Tackles,Total Touches In Opposition Box,Total Unsuccessful Passes ( Excl Crosses & Corners ),Touches,Unsuccessful Crosses & Corners,Unsuccessful Crosses open play,Unsuccessful Dribbles,Unsuccessful Launches,Unsuccessful Long Passes,Unsuccessful Passes Opposition Half,Unsuccessful Passes Own Half,Unsuccessful Short Passes,Yellow Cards,Winning Goal,Penalties Conceded,Shots On Target ( inc goals ),Through balls,Corners Taken (incl short corners),Goals,Goals Openplay,Goals from Inside Box,Goals from Outside Box,Hit Woodwork,Left Foot Goals,Own Goal Scored,Right Foot Goals,Successful Corners into Box,Total Big Chances Missed,Total Big Chances Scored,Unsuccessful Corners into Box,Unsuccessful lay-offs,Home Goals,Away Goals,Headed Goals,Penalties Taken,Penalty Goals,Red Cards - 2nd Yellow,Total Red Cards,Foul Won Penalty,Second Goal Assists,Attempts from Set Pieces,GK Successful Distribution,Goal Kicks,Last Player Tackle,Straight Red Cards,Catches,Drops,GK Unsuccessful Distribution,Goalkeeper Smother,Penalties Faced,Penalties Saved,Punches,Saves Made,Saves Made from Inside Box,Saves Made from Outside Box,Saves from Penalty,Saves made - caught,Saves made - parried,Penalties Off Target,Crosses not Claimed,Direct Setpiece Goals,Set Pieces Goals,Other Goals,Aerial Duels p90,Aerial Duels lost p90,Aerial Duels won p90,Assists (Intentional) p90,Backward Passes p90,Blocked Shots p90,Blocks p90,Carries p90,Clearances Off the Line p90,Corners Won p90,Duels p90,Duels lost p90,Duels won p90,Final Third Touches p90,Forward Passes p90,Foul Attempted Tackle p90,Goal Assists p90,Goals Conceded p90,Goals Conceded Inside Box p90,Goals Conceded Outside Box p90,Ground Duels p90,Ground Duels lost p90,Ground Duels won p90,Handballs conceded p90,Interceptions p90,Key Passes (Attempt Assists) p90,Leftside Passes p90,Offsides p90,Open Play Passes p90,Overruns p90,Penalty Goals Conceded p90,Progressive Carries p90,PutThrough/Blocked Distribution p90,PutThrough/Blocked Distribution Won p90,Recoveries p90,Rightside Passes p90,Shots Created p90,Shots Off Target (inc woodwork) p90,Successful Crosses & Corners p90,Successful Crosses open play p90,Successful Dribbles p90,Successful Launches p90,Successful Lay-offs p90,Successful Long Passes p90,Successful Open Play Passes p90,Successful Passes Opposition Half p90,Successful Passes Own Half p90,Successful Short Passes p90,Tackles Lost p90,Tackles Won p90,Throw Ins to Opposition Player p90,Throw Ins to Own Player p90,Times Tackled p90,Total Big Chances Created p90,Total Big Chances Saved p90,Total Clearances p90,Total Fouls Conceded p90,Total Fouls Won p90,Total Losses Of Possession p90,Total Passes p90,Total Shots p90,Total Successful Passes ( Excl Crosses & Corners ) p90,Total Tackles p90,Total Touches In Opposition Box p90,Total Unsuccessful Passes ( Excl Crosses & Corners ) p90,Touches p90,Unsuccessful Crosses & Corners p90,Unsuccessful Crosses open play p90,Unsuccessful Dribbles p90,Unsuccessful Launches p90,Unsuccessful Long Passes p90,Unsuccessful Passes Opposition Half p90,Unsuccessful Passes Own Half p90,Unsuccessful Short Passes p90,Yellow Cards p90,Winning Goal p90,Penalties Conceded p90,Shots On Target ( inc goals ) p90,Through balls p90,Corners Taken (incl short corners) p90,Goals p90,Goals Openplay p90,Goals from Inside Box p90,Goals from Outside Box p90,Hit Woodwork p90,Left Foot Goals p90,Own Goal Scored p90,Right Foot Goals p90,Successful Corners into Box p90,Total Big Chances Missed p90,Total Big Chances Scored p90,Unsuccessful Corners into Box p90,Unsuccessful lay-offs p90,Home Goals p90,Away Goals p90,Headed Goals p90,Penalties Taken p90,Penalty Goals p90,Red Cards - 2nd Yellow p90,Total Red Cards p90,Foul Won Penalty p90,Second Goal Assists p90,Attempts from Set Pieces p90,GK Successful Distribution p90,Goal Kicks p90,Last Player Tackle p90,Straight Red Cards p90,Catches p90,Drops p90,GK Unsuccessful Distribution p90,Goalkeeper Smother p90,Penalties Faced p90,Penalties Saved p90,Punches p90,Saves Made p90,Saves Made from Inside Box p90,Saves Made from Outside Box p90,Saves from Penalty p90,Saves made - caught p90,Saves made - parried p90,Penalties Off Target p90,Crosses not Claimed p90,Direct Setpiece Goals p90,Set Pieces Goals p90,Other Goals p90,Pass Accuracy %,Duel Win %,Aerial Win %,Ground Duel Win %,Tackle Win %,Shots on Target %,Dribble Success %,Save Ratio %
Spain_Primera_Division,2025-2026,Club Atlético de Madrid,4ea0sjczqa5ah1w720zlakkfe,T. Almada,Argentina,Midfielder,11,1000.0,11.11,True,13.0,9.0,4.0,21.0,1.0,116.0,3.0,2.0,185.0,0.0,0.0,11.0,118.0,60.0,58.0,298.0,137.0,5.0,21.0,1.0,13.0,10.0,3.0,105.0,51.0,54.0,0.0,6.0,18.0,96.0,2.0,534.0,0.0,1.0,79.0,24.0,9.0,59.0,199.0,19.0,4.0,12.0,10.0,9.0,3.0,2.0,17.0,0.0,20.0,21.0,462.0,311.0,165.0,452.0,8.0,15.0,0.0,5.0,29.0,3.0,0.0,6.0,7.0,14.0,154.0,548.0,14.0,473.0,23.0,36.0,75.0,758.0,23.0,17.0,15.0,1.0,12.0,80.0,18.0,63.0,1.0,1.0,0.0,10.0,6.0,9.0,3.0,2.0,3.0,0.0,0.0,1.0,0.0,2.0,1.0,5.0,2.0,5.0,1.0,3.0,0.0,0.0,0.0,0.0,0.0,0.0,0.0,0.0,0.0,0.0,0.0,0.0,0.0,0.0,0.0,0.0,0.0,0.0,0.0,0.0,0.0,0.0,0.0,0.0,0.0,0.0,0.0,0.0,0.0,0.0,0.0,1.17,0.81,0.36,0.09,10.44,0.27,0.18,16.65,0.0,0.99,10.62,5.4,5.22,26.82,12.33,0.45,0.09,1.17,0.9,0.27,9.45,4.59,4.86,0.0,0.54,1.62,8.64,0.18,48.06,0.0,0.09,7.11,2.16,0.81,5.31,17.91,1.71,0.36,0.27,0.18,1.53,0.0,1.8,1.89,41.58,27.99,14.85,40.68,0.72,1.35,0.0,0.45,2.61,0.27,0.0,0.54,0.63,1.26,13.86,49.32,1.26,42.57,2.07,3.24,6.75,68.22,2.07,1.53,1.35,0.09,1.08,7.2,1.62,5.67,0.09,0.09,0.0,0.9,0.54,0.81,0.27,0.18,0.27,0.0,0.0,0.09,0.0,0.18,0.09,0.45,0.18,0.45,0.09,0.27,0.0,0.0,0.0,0.0,0.0,0.0,0.0,0.0,0.0,0.0,0.0,0.0,0.0,0.0,0.0,0.0,0.0,0.0,0.0,0.0,0.0,0.0,0.0,0.0,0.0,0.0,0.0,0.0,0.0,0.0,0.0,86.3,49.2,30.8,51.4,65.2,71.4,53.1,0.0
Spain_Primera_Division,2025-2026,Club Atlético de Madrid,9ikkuxd19avliz1khcrm82gyy,J. Alvarez,Argentina,Forward,19,1902.0,21.13,True,24.0,19.0,5.0,29.0,1.0,195.0,10.0,0.0,266.0,1.0,0.0,23.0,175.0,105.0,70.0,601.0,123.0,3.0,29.0,4.0,20.0,15.0,5.0,151.0,86.0,65.0,2.0,3.0,43.0,189.0,2.0,644.0,1.0,2.0,129.0,34.0,17.0,51.0,182.0,47.0,18.0,22.0,16.0,7.0,27.0,7.0,26.0,0.0,54.0,25.0,531.0,439.0,163.0,550.0,8.0,13.0,0.0,4.0,59.0,10.0,0.0,5.0,14.0,18.0,288.0,689.0,44.0,575.0,21.0,91.0,114.0,1078.0,58.0,15.0,26.0,1.0,9.0,152.0,20.0,105.0,2.0,4.0,0.0,26.0,10.0,78.0,8.0,4.0,5.0,3.0,3.0,3.0,0.0,5.0,19.0,8.0,5.0,41.0,6.0,6.0,2.0,0.0,3.0,2.0,0.0,0.0,0.0,0.0,7.0,0.0,0.0,0.0,0.0,0.0,0.0,0.0,0.0,0.0,0.0,0.0,0.0,0.0,0.0,0.0,0.0,0.0,0.0,0.0,2.0,2.0,0.0,1.14,0.9,0.24,0.05,9.23,0.47,0.0,12.59,0.0,1.09,8.28,4.97,3.31,28.44,5.82,0.14,0.19,0.95,0.71,0.24,7.15,4.07,3.08,0.09,0.14,2.03,8.94,0.09,30.47,0.05,0.09,6.1,1.61,0.8,2.41,8.61,2.22,0.85,1.28,0.33,1.23,0.0,2.56,1.18,25.13,20.77,7.71,26.03,0.38,0.62,0.0,0.19,2.79,0.47,0.0,0.24,0.66,0.85,13.63,32.6,2.08,27.21,0.99,4.31,5.39,51.01,2.74,0.71,1.23,0.05,0.43,7.19,0.95,4.97,0.09,0.19,0.0,1.23,0.47,3.69,0.38,0.19,0.24,0.14,0.14,0.14,0.0,0.24,0.9,0.38,0.24,1.94,0.28,0.28,0.09,0.0,0.14,0.09,0.0,0.0,0.0,0.0,0.33,0.0,0.0,0.0,0.0,0.0,0.0,0.0,0.0,0.0,0.0,0.0,0.0,0.0,0.0,0.0,0.0,0.0,0.0,0.0,0.09,0.09,0.0,83.5,40.0,20.8,43.0,61.9,59.1,50.0,0.0
Spain_Primera_Division,2025-2026,Club Atlético de Madrid,5zoz3mjooujpv0wdcphyrztd6,Álex Baena,Spain,Midfielder,10,1139.0,12.66,True,24.0,17.0,7.0,21.0,2.0,121.0,5.0,3.0,215.0,2.0,0.0,15.0,132.0,77.0,55.0,379.0,143.0,13.0,21.0,2.0,8.0,7.0,1.0,108.0,60.0,48.0,1.0,9.0,33.0,78.0,8.0,502.0,3.0,0.0,106.0,35.0,9.0,47.0,181.0,35.0,11.0,15.0,13.0,6.0,27.0,13.0,12.0,1.0,21.0,19.0,405.0,299.0,154.0,407.0,6.0,8.0,0.0,3.0,32.0,9.0,0.0,7.0,22.0,22.0,222.0,523.0,17.0,426.0,14.0,38.0,97.0,808.0,66.0,33.0,19.0,2.0,11.0,138.0,25.0,86.0,3.0,0.0,0.0,6.0,4.0,51.0,2.0,2.0,2.0,0.0,1.0,0.0,0.0,2.0,11.0,1.0,1.0,31.0,4.0,0.0,2.0,0.0,0.0,0.0,0.0,0.0,0.0,0.0,1.0,0.0,0.0,1.0,0.0,0.0,0.0,0.0,0.0,0.0,0.0,0.0,0.0,0.0,0.0,0.0,0.0,0.0,0.0,0.0,0.0,0.0,0.0,1.9,1.34,0.55,0.16,9.56,0.4,0.24,16.99,0.0,1.19,10.43,6.08,4.35,29.95,11.3,1.03,0.16,0.63,0.55,0.08,8.53,4.74,3.79,0.08,0.71,2.61,6.16,0.63,39.67,0.24,0.0,8.38,2.77,0.71,3.71,14.3,2.77,0.87,2.13,1.03,0.95,0.08,1.66,1.5,32.0,23.63,12.17,32.16,0.47,0.63,0.0,0.24,2.53,0.71,0.0,0.55,1.74,1.74,17.54,41.33,1.34,33.66,1.11,3.0,7.66,63.85,5.22,2.61,1.5,0.16,0.87,10.9,1.98,6.8,0.24,0.0,0.0,0.47,0.32,4.03,0.16,0.16,0.16,0.0,0.08,0.0,0.0,0.16,0.87,0.08,0.08,2.45,0.32,0.0,0.16,0.0,0.0,0.0,0.0,0.0,0.0,0.0,0.08,0.0,0.0,0.08,0.0,0.0,0.0,0.0,0.0,0.0,0.0,0.0,0.0,0.0,0.0,0.0,0.0,0.0,0.0,0.0,0.0,0.0,0.0,81.5,41.7,29.2,44.4,57.1,35.3,38.7,0.0
Spain_Primera_Division,2025-2026,Club Atlético de Madrid,9e7ybe0nsu3byq2tteey3zuy2,Pablo Barrios,Spain,Midfielder,8,1580.0,17.56,True,30.0,14.0,16.0,21.0,1.0,171.0,9.0,2.0,300.0,6.0,0.0,11.0,177.0,79.0,98.0,388.0,242.0,5.0,21.0,1.0,14.0,12.0,2.0,147.0,65.0,82.0,0.0,23.0,19.0,341.0,0.0,972.0,0.0,1.0,136.0,29.0,15.0,108.0,237.0,19.0,6.0,19.0,6.0,2.0,9.0,9.0,32.0,0.0,8.0,43.0,865.0,572.0,319.0,839.0,14.0,15.0,0.0,6.0,41.0,3.0,0.0,12.0,12.0,21.0,209.0,991.0,12.0,882.0,29.0,39.0,109.0,1302.0,19.0,19.0,20.0,3.0,24.0,94.0,34.0,85.0,0.0,1.0,1.0,6.0,7.0,0.0,1.0,1.0,1.0,0.0,1.0,1.0,0.0,0.0,0.0,1.0,1.0,0.0,1.0,1.0,0.0,0.0,0.0,0.0,0.0,0.0,0.0,0.0,0.0,0.0,0.0,0.0,0.0,0.0,0.0,0.0,0.0,0.0,0.0,0.0,0.0,0.0,0.0,0.0,0.0,0.0,0.0,0.0,0.0,0.0,0.0,1.71,0.8,0.91,0.06,9.74,0.51,0.11,17.09,0.0,0.63,10.08,4.5,5.58,22.1,13.78,0.28,0.06,0.8,0.68,0.11,8.37,3.7,4.67,0.0,1.31,1.08,19.42,0.0,55.37,0.0,0.06,7.75,1.65,0.85,6.15,13.5,1.08,0.34,0.51,0.51,1.82,0.0,0.46,2.45,49.27,32.58,18.17,47.79,0.8,0.85,0.0,0.34,2.34,0.17,0.0,0.68,0.68,1.2,11.91,56.45,0.68,50.24,1.65,2.22,6.21,74.16,1.08,1.08,1.14,0.17,1.37,5.35,1.94,4.84,0.0,0.06,0.06,0.34,0.4,0.0,0.06,0.06,0.06,0.0,0.06,0.06,0.0,0.0,0.0,0.06,0.06,0.0,0.06,0.06,0.0,0.0,0.0,0.0,0.0,0.0,0.0,0.0,0.0,0.0,0.0,0.0,0.0,0.0,0.0,0.0,0.0,0.0,0.0,0.0,0.0,0.0,0.0,0.0,0.0,0.0,0.0,0.0,0.0,0.0,0.0,89.0,55.4,53.3,55.8,51.7,50.0,61.5,0.0
Spain_Primera_Division,2025-2026,Club Atlético de Madrid,6dswrjvnakdr8gwun530inwgk,Rayane Belaid,Spain,Forward,29,0.0,0.0,False,0.0,0.0,0.0,0.0,0.0,0.0,0.0,0.0,0.0,0.0,0.0,0.0,0.0,0.0,0.0,0.0,0.0,0.0,0.0,0.0,0.0,0.0,0.0,0.0,0.0,0.0,0.0,0.0,0.0,0.0,0.0,0.0,0.0,0.0,0.0,0.0,0.0,0.0,0.0,0.0,0.0,0.0,0.0,0.0,0.0,0.0,0.0,0.0,0.0,0.0,0.0,0.0,0.0,0.0,0.0,0.0,0.0,0.0,0.0,0.0,0.0,0.0,0.0,0.0,0.0,0.0,0.0,0.0,0.0,0.0,0.0,0.0,0.0,0.0,0.0,0.0,0.0,0.0,0.0,0.0,0.0,0.0,0.0,0.0,0.0,0.0,0.0,0.0,0.0,0.0,0.0,0.0,0.0,0.0,0.0,0.0,0.0,0.0,0.0,0.0,0.0,0.0,0.0,0.0,0.0,0.0,0.0,0.0,0.0,0.0,0.0,0.0,0.0,0.0,0.0,0.0,0.0,0.0,0.0,0.0,0.0,0.0,0.0,0.0,0.0,0.0,0.0,0.0,0.0,0.0,0.0,0.0,0.0,0.0,0.0,0.0,0.0,0.0,0.0,0.0,0.0,0.0,0.0,0.0,0.0,0.0,0.0,0.0,0.0,0.0,0.0,0.0,0.0,0.0,0.0,0.0,0.0,0.0,0.0,0.0,0.0,0.0,0.0,0.0,0.0,0.0,0.0,0.0,0.0,0.0,0.0,0.0,0.0,0.0,0.0,0.0,0.0,0.0,0.0,0.0,0.0,0.0,0.0,0.0,0.0,0.0,0.0,0.0,0.0,0.0,0.0,0.0,0.0,0.0,0.0,0.0,0.0,0.0,0.0,0.0,0.0,0.0,0.0,0.0,0.0,0.0,0.0,0.0,0.0,0.0,0.0,0.0,0.0,0.0,0.0,0.0,0.0,0.0,0.0,0.0,0.0,0.0,0.0,0.0,0.0,0.0,0.0,0.0,0.0,0.0,0.0,0.0,0.0,0.0,0.0,0.0,0.0,0.0,0.0,0.0,0.0,0.0,0.0,0.0,0.0,0.0,0.0,0.0,0.0,0.0,0.0,0.0,0.0,0.0,0.0,0.0,0.0,0.0,0.0,0.0,0.0,0.0,0.0,0.0
Spain_Primera_Division,2025-2026,Club Atlético de Madrid,6m5v97if055boykubm2hq8es,Javier Boñar,Spain,Defender,32,0.0,0.0,False,0.0,0.0,0.0,0.0,0.0,0.0,0.0,0.0,0.0,0.0,0.0,0.0,0.0,0.0,0.0,0.0,0.0,0.0,0.0,0.0,0.0,0.0,0.0,0.0,0.0,0.0,0.0,0.0,0.0,0.0,0.0,0.0,0.0,0.0,0.0,0.0,0.0,0.0,0.0,0.0,0.0,0.0,0.0,0.0,0.0,0.0,0.0,0.0,0.0,0.0,0.0,0.0,0.0,0.0,0.0,0.0,0.0,0.0,0.0,0.0,0.0,0.0,0.0,0.0,0.0,0.0,0.0,0.0,0.0,0.0,0.0,0.0,0.0,0.0,0.0,0.0,0.0,0.0,0.0,0.0,0.0,0.0,0.0,0.0,0.0,0.0,0.0,0.0,0.0,0.0,0.0,0.0,0.0,0.0,0.0,0.0,0.0,0.0,0.0,0.0,0.0,0.0,0.0,0.0,0.0,0.0,0.0,0.0,0.0,0.0,0.0,0.0,0.0,0.0,0.0,0.0,0.0,0.0,0.0,0.0,0.0,0.0,0.0,0.0,0.0,0.0,0.0,0.0,0.0,0.0,0.0,0.0,0.0,0.0,0.0,0.0,0.0,0.0,0.0,0.0,0.0,0.0,0.0,0.0,0.0,0.0,0.0,0.0,0.0,0.0,0.0,0.0,0.0,0.0,0.0,0.0,0.0,0.0,0.0,0.0,0.0,0.0,0.0,0.0,0.0,0.0,0.0,0.0,0.0,0.0,0.0,0.0,0.0,0.0,0.0,0.0,0.0,0.0,0.0,0.0,0.0,0.0,0.0,0.0,0.0,0.0,0.0,0.0,0.0,0.0,0.0,0.0,0.0,0.0,0.0,0.0,0.0,0.0,0.0,0.0,0.0,0.0,0.0,0.0,0.0,0.0,0.0,0.0,0.0,0.0,0.0,0.0,0.0,0.0,0.0,0.0,0.0,0.0,0.0,0.0,0.0,0.0,0.0,0.0,0.0,0.0,0.0,0.0,0.0,0.0,0.0,0.0,0.0,0.0,0.0,0.0,0.0,0.0,0.0,0.0,0.0,0.0,0.0,0.0,0.0,0.0,0.0,0.0,0.0,0.0,0.0,0.0,0.0,0.0,0.0,0.0,0.0,0.0,0.0,0.0,0.0,0.0,0.0,0.0
Spain_Primera_Division,2025-2026,Club Atlético de Madrid,3ub05nnpt9o7s387z6oj8vf56,J. Cardoso,USA,Midfielder,5,770.0,8.56,True,26.0,14.0,12.0,13.0,0.0,65.0,1.0,4.0,118.0,1.0,0.0,0.0,118.0,59.0,59.0,89.0,111.0,17.0,13.0,0.0,9.0,7.0,2.0,92.0,45.0,47.0,0.0,12.0,3.0,147.0,0.0,457.0,0.0,2.0,72.0,16.0,10.0,37.0,137.0,3.0,1.0,11.0,9.0,2.0,1.0,1.0,4.0,1.0,7.0,25.0,404.0,211.0,197.0,382.0,14.0,18.0,0.0,2.0,15.0,1.0,0.0,17.0,20.0,11.0,83.0,460.0,1.0,407.0,32.0,5.0,53.0,603.0,1.0,1.0,4.0,0.0,9.0,35.0,19.0,44.0,5.0,0.0,0.0,0.0,2.0,0.0,0.0,0.0,0.0,0.0,0.0,0.0,0.0,0.0,0.0,0.0,0.0,0.0,1.0,0.0,0.0,0.0,0.0,0.0,0.0,0.0,0.0,0.0,0.0,0.0,0.0,0.0,0.0,0.0,0.0,0.0,0.0,0.0,0.0,0.0,0.0,0.0,0.0,0.0,0.0,0.0,0.0,0.0,0.0,0.0,0.0,3.04,1.64,1.4,0.0,7.6,0.12,0.47,13.79,0.0,0.0,13.79,6.9,6.9,10.4,12.97,1.99,0.0,1.05,0.82,0.23,10.75,5.26,5.49,0.0,1.4,0.35,17.18,0.0,53.42,0.0,0.23,8.42,1.87,1.17,4.32,16.01,0.35,0.12,0.12,0.12,0.47,0.12,0.82,2.92,47.22,24.66,23.03,44.65,1.64,2.1,0.0,0.23,1.75,0.12,0.0,1.99,2.34,1.29,9.7,53.77,0.12,47.57,3.74,0.58,6.19,70.48,0.12,0.12,0.47,0.0,1.05,4.09,2.22,5.14,0.58,0.0,0.0,0.0,0.23,0.0,0.0,0.0,0.0,0.0,0.0,0.0,0.0,0.0,0.0,0.0,0.0,0.0,0.12,0.0,0.0,0.0,0.0,0.0,0.0,0.0,0.0,0.0,0.0,0.0,0.0,0.0,0.0,0.0,0.0,0.0,0.0,0.0,0.0,0.0,0.0,0.0,0.0,0.0,0.0,0.0,0.0,0.0,0.0,0.0,0.0,88.5,50.0,46.2,51.1,56.2,0.0,50.0,0.0
Spain_Primera_Division,2025-2026,Club Atlético de Madrid,9mh4ven84dualv113vxinqn10,Julio Díaz,Spain,Midfielder,34,90.0,1.0,False,1.0,1.0,0.0,1.0,0.0,14.0,1.0,0.0,16.0,1.0,0.0,0.0,13.0,7.0,6.0,21.0,7.0,1.0,1.0,0.0,0.0,0.0,0.0,12.0,6.0,6.0,0.0,0.0,1.0,2.0,0.0,45.0,0.0,0.0,7.0,3.0,1.0,3.0,24.0,1.0,0.0,1.0,0.0,0.0,0.0,0.0,2.0,0.0,0.0,1.0,38.0,19.0,21.0,39.0,1.0,1.0,1.0,7.0,2.0,0.0,0.0,0.0,1.0,2.0,14.0,47.0,0.0,40.0,2.0,1.0,7.0,72.0,2.0,2.0,2.0,0.0,1.0,6.0,3.0,6.0,0.0,0.0,0.0,0.0,0.0,0.0,0.0,0.0,0.0,0.0,0.0,0.0,0.0,0.0,0.0,0.0,0.0,0.0,0.0,0.0,0.0,0.0,0.0,0.0,0.0,0.0,0.0,0.0,0.0,0.0,0.0,0.0,0.0,0.0,0.0,0.0,0.0,0.0,0.0,0.0,0.0,0.0,0.0,0.0,0.0,0.0,0.0,0.0,0.0,0.0,0.0,1.0,1.0,0.0,0.0,14.0,1.0,0.0,16.0,0.0,0.0,13.0,7.0,6.0,21.0,7.0,1.0,0.0,0.0,0.0,0.0,12.0,6.0,6.0,0.0,0.0,1.0,2.0,0.0,45.0,0.0,0.0,7.0,3.0,1.0,3.0,24.0,1.0,0.0,0.0,0.0,2.0,0.0,0.0,1.0,38.0,19.0,21.0,39.0,1.0,1.0,1.0,7.0,2.0,0.0,0.0,0.0,1.0,2.0,14.0,47.0,0.0,40.0,2.0,1.0,7.0,72.0,2.0,2.0,2.0,0.0,1.0,6.0,3.0,6.0,0.0,0.0,0.0,0.0,0.0,0.0,0.0,0.0,0.0,0.0,0.0,0.0,0.0,0.0,0.0,0.0,0.0,0.0,0.0,0.0,0.0,0.0,0.0,0.0,0.0,0.0,0.0,0.0,0.0,0.0,0.0,0.0,0.0,0.0,0.0,0.0,0.0,0.0,0.0,0.0,0.0,0.0,0.0,0.0,0.0,0.0,0.0,0.0,0.0,0.0,0.0,85.1,46.2,0.0,50.0,50.0,0.0,50.0,0.0
Spain_Primera_Division,2025-2026,Club Atlético de Madrid,76l4p3ybgp8a6l78gj9185bmc,Salvi Esquivel,Spain,Goalkeeper,31,0.0,0.0,False,0.0,0.0,0.0,0.0,0.0,0.0,0.0,0.0,0.0,0.0,0.0,0.0,0.0,0.0,0.0,0.0,0.0,0.0,0.0,0.0,0.0,0.0,0.0,0.0,0.0,0.0,0.0,0.0,0.0,0.0,0.0,0.0,0.0,0.0,0.0,0.0,0.0,0.0,0.0,0.0,0.0,0.0,0.0,0.0,0.0,0.0,0.0,0.0,0.0,0.0,0.0,0.0,0.0,0.0,0.0,0.0,0.0,0.0,0.0,0.0,0.0,0.0,0.0,0.0,0.0,0.0,0.0,0.0,0.0,0.0,0.0,0.0,0.0,0.0,0.0,0.0,0.0,0.0,0.0,0.0,0.0,0.0,0.0,0.0,0.0,0.0,0.0,0.0,0.0,0.0,0.0,0.0,0.0,0.0,0.0,0.0,0.0,0.0,0.0,0.0,0.0,0.0,0.0,0.0,0.0,0.0,0.0,0.0,0.0,0.0,0.0,0.0,0.0,0.0,0.0,0.0,0.0,0.0,0.0,0.0,0.0,0.0,0.0,0.0,0.0,0.0,0.0,0.0,0.0,0.0,0.0,0.0,0.0,0.0,0.0,0.0,0.0,0.0,0.0,0.0,0.0,0.0,0.0,0.0,0.0,0.0,0.0,0.0,0.0,0.0,0.0,0.0,0.0,0.0,0.0,0.0,0.0,0.0,0.0,0.0,0.0,0.0,0.0,0.0,0.0,0.0,0.0,0.0,0.0,0.0,0.0,0.0,0.0,0.0,0.0,0.0,0.0,0.0,0.0,0.0,0.0,0.0,0.0,0.0,0.0,0.0,0.0,0.0,0.0,0.0,0.0,0.0,0.0,0.0,0.0,0.0,0.0,0.0,0.0,0.0,0.0,0.0,0.0,0.0,0.0,0.0,0.0,0.0,0.0,0.0,0.0,0.0,0.0,0.0,0.0,0.0,0.0,0.0,0.0,0.0,0.0,0.0,0.0,0.0,0.0,0.0,0.0,0.0,0.0,0.0,0.0,0.0,0.0,0.0,0.0,0.0,0.0,0.0,0.0,0.0,0.0,0.0,0.0,0.0,0.0,0.0,0.0,0.0,0.0,0.0,0.0,0.0,0.0,0.0,0.0,0.0,0.0,0.0,0.0,0.0,0.0,0.0,0.0,0.0
Spain_Primera_Division,2025-2026,Club Atlético de Madrid,7u0urbn4r5oqtmlt13jev651w,Sergio Esteban,Spain,Forward,45,0.0,0.0,False,0.0,0.0,0.0,0.0,0.0,0.0,0.0,0.0,0.0,0.0,0.0,0.0,0.0,0.0,0.0,0.0,0.0,0.0,0.0,0.0,0.0,0.0,0.0,0.0,0.0,0.0,0.0,0.0,0.0,0.0,0.0,0.0,0.0,0.0,0.0,0.0,0.0,0.0,0.0,0.0,0.0,0.0,0.0,0.0,0.0,0.0,0.0,0.0,0.0,0.0,0.0,0.0,0.0,0.0,0.0,0.0,0.0,0.0,0.0,0.0,0.0,0.0,0.0,0.0,0.0,0.0,0.0,0.0,0.0,0.0,0.0,0.0,0.0,0.0,0.0,0.0,0.0,0.0,0.0,0.0,0.0,0.0,0.0,0.0,0.0,0.0,0.0,0.0,0.0,0.0,0.0,0.0,0.0,0.0,0.0,0.0,0.0,0.0,0.0,0.0,0.0,0.0,0.0,0.0,0.0,0.0,0.0,0.0,0.0,0.0,0.0,0.0,0.0,0.0,0.0,0.0,0.0,0.0,0.0,0.0,0.0,0.0,0.0,0.0,0.0,0.0,0.0,0.0,0.0,0.0,0.0,0.0,0.0,0.0,0.0,0.0,0.0,0.0,0.0,0.0,0.0,0.0,0.0,0.0,0.0,0.0,0.0,0.0,0.0,0.0,0.0,0.0,0.0,0.0,0.0,0.0,0.0,0.0,0.0,0.0,0.0,0.0,0.0,0.0,0.0,0.0,0.0,0.0,0.0,0.0,0.0,0.0,0.0,0.0,0.0,0.0,0.0,0.0,0.0,0.0,0.0,0.0,0.0,0.0,0.0,0.0,0.0,0.0,0.0,0.0,0.0,0.0,0.0,0.0,0.0,0.0,0.0,0.0,0.0,0.0,0.0,0.0,0.0,0.0,0.0,0.0,0.0,0.0,0.0,0.0,0.0,0.0,0.0,0.0,0.0,0.0,0.0,0.0,0.0,0.0,0.0,0.0,0.0,0.0,0.0,0.0,0.0,0.0,0.0,0.0,0.0,0.0,0.0,0.0,0.0,0.0,0.0,0.0,0.0,0.0,0.0,0.0,0.0,0.0,0.0,0.0,0.0,0.0,0.0,0.0,0.0,0.0,0.0,0.0,0.0,0.0,0.0,0.0,0.0,0.0,0.0,0.0,0.0,0.0
Spain_Primera_Division,2025-2026,Club Atlético de Madrid,c83h08n0vnjvfgglyefy03h0p,C. Gallagher,England,Midfielder,4,665.0,7.39,True,18.0,8.0,10.0,19.0,0.0,86.0,1.0,3.0,80.0,1.0,0.0,5.0,94.0,55.0,39.0,152.0,80.0,9.0,19.0,0.0,7.0,5.0,2.0,76.0,47.0,29.0,3.0,11.0,4.0,93.0,2.0,354.0,0.0,0.0,33.0,12.0,8.0,35.0,100.0,4.0,7.0,4.0,4.0,15.0,1.0,1.0,3.0,0.0,10.0,6.0,319.0,180.0,145.0,318.0,5.0,12.0,0.0,2.0,22.0,1.0,0.0,5.0,18.0,9.0,90.0,359.0,12.0,324.0,17.0,29.0,35.0,508.0,10.0,10.0,13.0,3.0,6.0,35.0,10.0,29.0,2.0,0.0,0.0,5.0,1.0,1.0,2.0,2.0,2.0,0.0,0.0,1.0,0.0,1.0,0.0,1.0,1.0,0.0,3.0,0.0,2.0,0.0,0.0,0.0,0.0,0.0,0.0,0.0,0.0,0.0,0.0,0.0,0.0,0.0,0.0,0.0,0.0,0.0,0.0,0.0,0.0,0.0,0.0,0.0,0.0,0.0,0.0,0.0,0.0,0.0,0.0,2.44,1.08,1.35,0.0,11.64,0.14,0.41,10.83,0.0,0.68,12.72,7.44,5.28,20.57,10.83,1.22,0.0,0.95,0.68,0.27,10.29,6.36,3.92,0.41,1.49,0.54,12.59,0.27,47.91,0.0,0.0,4.47,1.62,1.08,4.74,13.53,0.54,0.95,0.14,0.14,0.41,0.0,1.35,0.81,43.17,24.36,19.62,43.04,0.68,1.62,0.0,0.27,2.98,0.14,0.0,0.68,2.44,1.22,12.18,48.59,1.62,43.85,2.3,3.92,4.74,68.75,1.35,1.35,1.76,0.41,0.81,4.74,1.35,3.92,0.27,0.0,0.0,0.68,0.14,0.14,0.27,0.27,0.27,0.0,0.0,0.14,0.0,0.14,0.0,0.14,0.14,0.0,0.41,0.0,0.27,0.0,0.0,0.0,0.0,0.0,0.0,0.0,0.0,0.0,0.0,0.0,0.0,0.0,0.0,0.0,0.0,0.0,0.0,0.0,0.0,0.0,0.0,0.0,0.0,0.0,0.0,0.0,0.0,0.0,0.0,90.3,41.5,55.6,38.2,70.6,41.7,18.8,0.0
Spain_Primera_Division,2025-2026,Club Atlético de Madrid,40gxfsz7bgrkdudqewlpxzyzt,Javi Galán,Spain,Defender,21,1185.0,13.17,True,25.0,15.0,10.0,17.0,1.0,91.0,1.0,4.0,212.0,2.0,0.0,9.0,174.0,71.0,103.0,282.0,247.0,14.0,17.0,1.0,17.0,14.0,3.0,149.0,56.0,93.0,0.0,21.0,20.0,34.0,2.0,559.0,2.0,4.0,138.0,45.0,20.0,65.0,210.0,21.0,2.0,13.0,4.0,4.0,20.0,19.0,31.0,0.0,1.0,19.0,468.0,265.0,245.0,471.0,13.0,22.0,16.0,103.0,32.0,2.0,1.0,43.0,18.0,28.0,198.0,582.0,3.0,490.0,35.0,22.0,92.0,1029.0,32.0,32.0,20.0,12.0,27.0,95.0,29.0,65.0,2.0,0.0,1.0,1.0,0.0,1.0,0.0,0.0,0.0,0.0,1.0,0.0,0.0,0.0,0.0,0.0,0.0,0.0,1.0,0.0,0.0,0.0,0.0,0.0,0.0,0.0,0.0,0.0,0.0,0.0,0.0,1.0,0.0,0.0,0.0,0.0,0.0,0.0,0.0,0.0,0.0,0.0,0.0,0.0,0.0,0.0,0.0,0.0,0.0,0.0,0.0,1.9,1.14,0.76,0.08,6.91,0.08,0.3,16.1,0.0,0.68,13.22,5.39,7.82,21.42,18.76,1.06,0.08,1.29,1.06,0.23,11.32,4.25,7.06,0.0,1.59,1.52,2.58,0.15,42.46,0.15,0.3,10.48,3.42,1.52,4.94,15.95,1.59,0.15,1.52,1.44,2.35,0.0,0.08,1.44,35.54,20.13,18.61,35.77,0.99,1.67,1.22,7.82,2.43,0.15,0.08,3.27,1.37,2.13,15.04,44.2,0.23,37.22,2.66,1.67,6.99,78.15,2.43,2.43,1.52,0.91,2.05,7.22,2.2,4.94,0.15,0.0,0.08,0.08,0.0,0.08,0.0,0.0,0.0,0.0,0.08,0.0,0.0,0.0,0.0,0.0,0.0,0.0,0.08,0.0,0.0,0.0,0.0,0.0,0.0,0.0,0.0,0.0,0.0,0.0,0.0,0.08,0.0,0.0,0.0,0.0,0.0,0.0,0.0,0.0,0.0,0.0,0.0,0.0,0.0,0.0,0.0,0.0,0.0,0.0,0.0,84.2,59.2,40.0,62.4,62.9,33.3,60.8,0.0
Spain_Primera_Division,2025-2026,Club Atlético de Madrid,548jzfl9higq44w9bgqvcjh05,J. Giménez,Uruguay,Defender,2,1157.0,12.86,True,73.0,37.0,36.0,15.0,1.0,37.0,1.0,11.0,125.0,7.0,0.0,1.0,138.0,67.0,71.0,38.0,241.0,8.0,15.0,1.0,14.0,11.0,3.0,65.0,30.0,35.0,1.0,16.0,0.0,274.0,1.0,744.0,0.0,1.0,71.0,14.0,8.0,44.0,227.0,1.0,9.0,12.0,0.0,3.0,0.0,0.0,2.0,4.0,0.0,42.0,669.0,247.0,453.0,658.0,11.0,12.0,0.0,2.0,3.0,1.0,0.0,64.0,19.0,10.0,87.0,779.0,12.0,700.0,23.0,19.0,79.0,955.0,0.0,0.0,1.0,18.0,33.0,48.0,31.0,46.0,4.0,0.0,0.0,3.0,0.0,0.0,0.0,0.0,0.0,0.0,0.0,0.0,0.0,0.0,0.0,3.0,0.0,0.0,0.0,0.0,0.0,0.0,0.0,0.0,0.0,0.0,1.0,0.0,0.0,2.0,2.0,0.0,0.0,0.0,0.0,0.0,0.0,0.0,0.0,0.0,0.0,0.0,0.0,0.0,0.0,0.0,0.0,0.0,0.0,0.0,0.0,5.68,2.88,2.8,0.08,2.88,0.08,0.86,9.72,0.0,0.08,10.73,5.21,5.52,2.96,18.75,0.62,0.08,1.09,0.86,0.23,5.06,2.33,2.72,0.08,1.24,0.0,21.31,0.08,57.87,0.0,0.08,5.52,1.09,0.62,3.42,17.66,0.08,0.7,0.0,0.0,0.16,0.31,0.0,3.27,52.04,19.21,35.24,51.18,0.86,0.93,0.0,0.16,0.23,0.08,0.0,4.98,1.48,0.78,6.77,60.6,0.93,54.45,1.79,1.48,6.15,74.29,0.0,0.0,0.08,1.4,2.57,3.73,2.41,3.58,0.31,0.0,0.0,0.23,0.0,0.0,0.0,0.0,0.0,0.0,0.0,0.0,0.0,0.0,0.0,0.23,0.0,0.0,0.0,0.0,0.0,0.0,0.0,0.0,0.0,0.0,0.08,0.0,0.0,0.16,0.16,0.0,0.0,0.0,0.0,0.0,0.0,0.0,0.0,0.0,0.0,0.0,0.0,0.0,0.0,0.0,0.0,0.0,0.0,0.0,0.0,89.9,51.4,49.3,53.8,52.2,25.0,66.7,0.0
Spain_Primera_Division,2025-2026,Club Atlético de Madrid,eh1ul4duphy1iz4odwx9tkjjd,N. González,Argentina,Forward,23,1336.0,14.84,True,73.0,27.0,46.0,22.0,0.0,131.0,6.0,3.0,139.0,2.0,0.0,23.0,214.0,104.0,110.0,317.0,126.0,12.0,22.0,0.0,11.0,9.0,2.0,141.0,77.0,64.0,4.0,11.0,12.0,61.0,2.0,502.0,3.0,0.0,89.0,32.0,13.0,57.0,188.0,12.0,16.0,17.0,12.0,5.0,3.0,3.0,22.0,1.0,12.0,20.0,380.0,232.0,155.0,364.0,7.0,14.0,2.0,24.0,39.0,3.0,0.0,24.0,27.0,21.0,220.0,506.0,34.0,384.0,21.0,69.0,122.0,826.0,24.0,24.0,23.0,6.0,20.0,125.0,21.0,102.0,4.0,1.0,0.0,18.0,3.0,0.0,3.0,2.0,3.0,0.0,2.0,1.0,0.0,0.0,0.0,6.0,2.0,0.0,2.0,3.0,0.0,2.0,0.0,0.0,0.0,1.0,1.0,0.0,0.0,0.0,0.0,0.0,1.0,0.0,0.0,0.0,0.0,0.0,0.0,0.0,0.0,0.0,0.0,0.0,0.0,0.0,0.0,0.0,0.0,0.0,0.0,4.92,1.82,3.1,0.0,8.82,0.4,0.2,9.36,0.0,1.55,14.42,7.01,7.41,21.35,8.49,0.81,0.0,0.74,0.61,0.13,9.5,5.19,4.31,0.27,0.74,0.81,4.11,0.13,33.82,0.2,0.0,6.0,2.16,0.88,3.84,12.66,0.81,1.08,0.2,0.2,1.48,0.07,0.81,1.35,25.6,15.63,10.44,24.52,0.47,0.94,0.13,1.62,2.63,0.2,0.0,1.62,1.82,1.41,14.82,34.09,2.29,25.87,1.41,4.65,8.22,55.64,1.62,1.62,1.55,0.4,1.35,8.42,1.41,6.87,0.27,0.07,0.0,1.21,0.2,0.0,0.2,0.13,0.2,0.0,0.13,0.07,0.0,0.0,0.0,0.4,0.13,0.0,0.13,0.2,0.0,0.13,0.0,0.0,0.0,0.07,0.07,0.0,0.0,0.0,0.0,0.0,0.07,0.0,0.0,0.0,0.0,0.0,0.0,0.0,0.0,0.0,0.0,0.0,0.0,0.0,0.0,0.0,0.0,0.0,0.0,75.9,51.4,63.0,45.4,66.7,52.9,48.9,0.0
Spain_Primera_Division,2025-2026,Club Atlético de Madrid,716n1970vi9rvw5b4w9qmjfth,A. Griezmann,France,Forward,7,1029.0,11.43,True,22.0,14.0,8.0,27.0,1.0,134.0,2.0,1.0,126.0,1.0,0.0,9.0,71.0,40.0,31.0,348.0,135.0,2.0,27.0,1.0,13.0,9.0,4.0,49.0,26.0,23.0,0.0,3.0,21.0,161.0,14.0,521.0,1.0,1.0,60.0,24.0,13.0,45.0,111.0,22.0,15.0,8.0,7.0,19.0,16.0,3.0,6.0,1.0,31.0,25.0,434.0,315.0,154.0,428.0,4.0,7.0,0.0,7.0,14.0,4.0,0.0,9.0,2.0,6.0,173.0,541.0,34.0,453.0,11.0,56.0,88.0,758.0,37.0,20.0,9.0,0.0,9.0,106.0,19.0,79.0,0.0,2.0,0.0,19.0,5.0,31.0,6.0,6.0,6.0,0.0,1.0,4.0,0.0,2.0,13.0,7.0,5.0,12.0,3.0,5.0,1.0,0.0,0.0,0.0,0.0,0.0,0.0,1.0,0.0,0.0,0.0,0.0,0.0,0.0,0.0,0.0,0.0,0.0,0.0,0.0,0.0,0.0,0.0,0.0,0.0,0.0,0.0,0.0,0.0,0.0,0.0,1.92,1.22,0.7,0.09,11.72,0.17,0.09,11.02,0.0,0.79,6.21,3.5,2.71,30.44,11.81,0.17,0.09,1.14,0.79,0.35,4.29,2.27,2.01,0.0,0.26,1.84,14.08,1.22,45.57,0.09,0.09,5.25,2.1,1.14,3.94,9.71,1.92,1.31,1.4,0.26,0.52,0.09,2.71,2.19,37.96,27.55,13.47,37.43,0.35,0.61,0.0,0.61,1.22,0.35,0.0,0.79,0.17,0.52,15.13,47.32,2.97,39.62,0.96,4.9,7.7,66.3,3.24,1.75,0.79,0.0,0.79,9.27,1.66,6.91,0.0,0.17,0.0,1.66,0.44,2.71,0.52,0.52,0.52,0.0,0.09,0.35,0.0,0.17,1.14,0.61,0.44,1.05,0.26,0.44,0.09,0.0,0.0,0.0,0.0,0.0,0.0,0.09,0.0,0.0,0.0,0.0,0.0,0.0,0.0,0.0,0.0,0.0,0.0,0.0,0.0,0.0,0.0,0.0,0.0,0.0,0.0,0.0,0.0,0.0,0.0,83.7,43.7,36.4,46.9,63.6,55.9,40.0,0.0
Spain_Primera_Division,2025-2026,Club Atlético de Madrid,1vyh50nfaq2kq5pmivpkc1psl,D. Hancko,Slovakia,Defender,17,2119.0,23.54,True,67.0,30.0,37.0,26.0,2.0,123.0,3.0,9.0,292.0,7.0,0.0,8.0,168.0,77.0,91.0,250.0,458.0,7.0,26.0,2.0,25.0,18.0,7.0,101.0,47.0,54.0,0.0,17.0,11.0,200.0,2.0,1236.0,1.0,2.0,190.0,21.0,11.0,72.0,490.0,13.0,11.0,23.0,3.0,3.0,3.0,3.0,8.0,6.0,0.0,56.0,1076.0,488.0,624.0,1053.0,16.0,26.0,9.0,56.0,14.0,4.0,0.0,83.0,15.0,4.0,238.0,1271.0,16.0,1109.0,42.0,52.0,162.0,1640.0,26.0,26.0,6.0,23.0,57.0,155.0,33.0,105.0,2.0,0.0,1.0,5.0,2.0,0.0,0.0,0.0,0.0,0.0,0.0,0.0,0.0,0.0,0.0,1.0,0.0,0.0,0.0,0.0,0.0,0.0,0.0,0.0,0.0,0.0,0.0,0.0,0.0,8.0,8.0,0.0,0.0,0.0,0.0,0.0,0.0,0.0,0.0,0.0,0.0,0.0,0.0,0.0,0.0,0.0,0.0,0.0,0.0,0.0,0.0,2.85,1.27,1.57,0.08,5.22,0.13,0.38,12.4,0.0,0.34,7.14,3.27,3.87,10.62,19.45,0.3,0.08,1.06,0.76,0.3,4.29,2.0,2.29,0.0,0.72,0.47,8.49,0.08,52.5,0.04,0.08,8.07,0.89,0.47,3.06,20.81,0.55,0.47,0.13,0.13,0.34,0.25,0.0,2.38,45.7,20.73,26.5,44.72,0.68,1.1,0.38,2.38,0.59,0.17,0.0,3.53,0.64,0.17,10.11,53.98,0.68,47.1,1.78,2.21,6.88,69.66,1.1,1.1,0.25,0.98,2.42,6.58,1.4,4.46,0.08,0.0,0.04,0.21,0.08,0.0,0.0,0.0,0.0,0.0,0.0,0.0,0.0,0.0,0.0,0.04,0.0,0.0,0.0,0.0,0.0,0.0,0.0,0.0,0.0,0.0,0.0,0.0,0.0,0.34,0.34,0.0,0.0,0.0,0.0,0.0,0.0,0.0,0.0,0.0,0.0,0.0,0.0,0.0,0.0,0.0,0.0,0.0,0.0,0.0,0.0,87.3,54.2,55.2,53.5,61.9,31.2,57.1,0.0
Spain_Primera_Division,2025-2026,Club Atlético de Madrid,b9kfek16otvdorssn0wzkb36d,Koke,Spain,Midfielder,6,1771.0,19.68,True,26.0,13.0,13.0,28.0,1.0,219.0,4.0,2.0,291.0,4.0,0.0,3.0,148.0,76.0,72.0,339.0,404.0,16.0,28.0,2.0,20.0,14.0,6.0,122.0,63.0,59.0,0.0,16.0,26.0,481.0,0.0,1521.0,0.0,1.0,151.0,29.0,15.0,105.0,457.0,28.0,3.0,19.0,10.0,9.0,8.0,4.0,3.0,3.0,30.0,83.0,1400.0,773.0,673.0,1355.0,21.0,20.0,0.0,5.0,22.0,3.0,0.0,22.0,19.0,15.0,182.0,1561.0,7.0,1438.0,41.0,21.0,123.0,1786.0,21.0,18.0,5.0,9.0,40.0,118.0,26.0,83.0,5.0,1.0,0.0,4.0,11.0,10.0,2.0,1.0,1.0,1.0,0.0,0.0,0.0,2.0,4.0,0.0,1.0,3.0,0.0,1.0,1.0,0.0,0.0,0.0,0.0,0.0,0.0,0.0,0.0,0.0,0.0,0.0,0.0,0.0,0.0,0.0,0.0,0.0,0.0,0.0,0.0,0.0,0.0,0.0,0.0,0.0,0.0,0.0,0.0,0.0,0.0,1.32,0.66,0.66,0.05,11.13,0.2,0.1,14.79,0.0,0.15,7.52,3.86,3.66,17.23,20.53,0.81,0.1,1.02,0.71,0.3,6.2,3.2,3.0,0.0,0.81,1.32,24.44,0.0,77.3,0.0,0.05,7.67,1.47,0.76,5.34,23.22,1.42,0.15,0.41,0.2,0.15,0.15,1.52,4.22,71.15,39.28,34.2,68.86,1.07,1.02,0.0,0.25,1.12,0.15,0.0,1.12,0.97,0.76,9.25,79.33,0.36,73.08,2.08,1.07,6.25,90.76,1.07,0.91,0.25,0.46,2.03,6.0,1.32,4.22,0.25,0.05,0.0,0.2,0.56,0.51,0.1,0.05,0.05,0.05,0.0,0.0,0.0,0.1,0.2,0.0,0.05,0.15,0.0,0.05,0.05,0.0,0.0,0.0,0.0,0.0,0.0,0.0,0.0,0.0,0.0,0.0,0.0,0.0,0.0,0.0,0.0,0.0,0.0,0.0,0.0,0.0,0.0,0.0,0.0,0.0,0.0,0.0,0.0,0.0,0.0,92.1,48.6,50.0,48.4,48.8,57.1,37.5,0.0
Spain_Primera_Division,2025-2026,Club Atlético de Madrid,3r18no51ujgvp939ws3fvo9re,I. Kostis,Greece,Defender,26,0.0,0.0,False,0.0,0.0,0.0,0.0,0.0,0.0,0.0,0.0,0.0,0.0,0.0,0.0,0.0,0.0,0.0,0.0,0.0,0.0,0.0,0.0,0.0,0.0,0.0,0.0,0.0,0.0,0.0,0.0,0.0,0.0,0.0,0.0,0.0,0.0,0.0,0.0,0.0,0.0,0.0,0.0,0.0,0.0,0.0,0.0,0.0,0.0,0.0,0.0,0.0,0.0,0.0,0.0,0.0,0.0,0.0,0.0,0.0,0.0,0.0,0.0,0.0,0.0,0.0,0.0,0.0,0.0,0.0,0.0,0.0,0.0,0.0,0.0,0.0,0.0,0.0,0.0,0.0,0.0,0.0,0.0,0.0,0.0,0.0,0.0,0.0,0.0,0.0,0.0,0.0,0.0,0.0,0.0,0.0,0.0,0.0,0.0,0.0,0.0,0.0,0.0,0.0,0.0,0.0,0.0,0.0,0.0,0.0,0.0,0.0,0.0,0.0,0.0,0.0,0.0,0.0,0.0,0.0,0.0,0.0,0.0,0.0,0.0,0.0,0.0,0.0,0.0,0.0,0.0,0.0,0.0,0.0,0.0,0.0,0.0,0.0,0.0,0.0,0.0,0.0,0.0,0.0,0.0,0.0,0.0,0.0,0.0,0.0,0.0,0.0,0.0,0.0,0.0,0.0,0.0,0.0,0.0,0.0,0.0,0.0,0.0,0.0,0.0,0.0,0.0,0.0,0.0,0.0,0.0,0.0,0.0,0.0,0.0,0.0,0.0,0.0,0.0,0.0,0.0,0.0,0.0,0.0,0.0,0.0,0.0,0.0,0.0,0.0,0.0,0.0,0.0,0.0,0.0,0.0,0.0,0.0,0.0,0.0,0.0,0.0,0.0,0.0,0.0,0.0,0.0,0.0,0.0,0.0,0.0,0.0,0.0,0.0,0.0,0.0,0.0,0.0,0.0,0.0,0.0,0.0,0.0,0.0,0.0,0.0,0.0,0.0,0.0,0.0,0.0,0.0,0.0,0.0,0.0,0.0,0.0,0.0,0.0,0.0,0.0,0.0,0.0,0.0,0.0,0.0,0.0,0.0,0.0,0.0,0.0,0.0,0.0,0.0,0.0,0.0,0.0,0.0,0.0,0.0,0.0,0.0,0.0,0.0,0.0,0.0,0.0
Spain_Primera_Division,2025-2026,Club Atlético de Madrid,6xulax65kp4aid70nk7g5jr2t,Robin Le Normand,Spain,Defender,24,1419.0,15.77,True,64.0,24.0,40.0,22.0,0.0,59.0,0.0,4.0,218.0,4.0,0.0,0.0,124.0,47.0,77.0,24.0,303.0,4.0,22.0,0.0,15.0,13.0,2.0,60.0,23.0,37.0,0.0,10.0,1.0,260.0,1.0,857.0,0.0,1.0,108.0,13.0,8.0,44.0,252.0,1.0,2.0,14.0,2.0,8.0,1.0,1.0,0.0,4.0,0.0,26.0,778.0,259.0,536.0,768.0,11.0,13.0,0.0,1.0,2.0,0.0,0.0,75.0,15.0,14.0,96.0,874.0,3.0,794.0,24.0,6.0,80.0,1048.0,2.0,2.0,2.0,25.0,40.0,46.0,36.0,40.0,3.0,0.0,0.0,1.0,0.0,0.0,1.0,0.0,1.0,0.0,0.0,0.0,0.0,0.0,0.0,1.0,1.0,0.0,0.0,1.0,0.0,1.0,0.0,0.0,0.0,0.0,0.0,0.0,0.0,2.0,2.0,1.0,0.0,0.0,0.0,0.0,0.0,0.0,0.0,0.0,0.0,0.0,0.0,0.0,0.0,0.0,0.0,0.0,0.0,0.0,0.0,4.06,1.52,2.54,0.0,3.74,0.0,0.25,13.83,0.0,0.0,7.86,2.98,4.88,1.52,19.22,0.25,0.0,0.95,0.82,0.13,3.81,1.46,2.35,0.0,0.63,0.06,16.49,0.06,54.36,0.0,0.06,6.85,0.82,0.51,2.79,15.98,0.06,0.13,0.06,0.06,0.0,0.25,0.0,1.65,49.34,16.43,34.0,48.71,0.7,0.82,0.0,0.06,0.13,0.0,0.0,4.76,0.95,0.89,6.09,55.43,0.19,50.36,1.52,0.38,5.07,66.47,0.13,0.13,0.13,1.59,2.54,2.92,2.28,2.54,0.19,0.0,0.0,0.06,0.0,0.0,0.06,0.0,0.06,0.0,0.0,0.0,0.0,0.0,0.0,0.06,0.06,0.0,0.0,0.06,0.0,0.06,0.0,0.0,0.0,0.0,0.0,0.0,0.0,0.13,0.13,0.06,0.0,0.0,0.0,0.0,0.0,0.0,0.0,0.0,0.0,0.0,0.0,0.0,0.0,0.0,0.0,0.0,0.0,0.0,0.0,90.8,62.1,62.5,61.7,54.2,33.3,0.0,0.0
Spain_Primera_Division,2025-2026,Club Atlético de Madrid,3gsprcdyogabeb8lr2y0bmytx,C. Lenglet,France,Defender,15,998.0,11.09,True,33.0,17.0,16.0,13.0,1.0,33.0,1.0,5.0,203.0,4.0,0.0,1.0,70.0,38.0,32.0,35.0,272.0,6.0,13.0,1.0,10.0,10.0,0.0,37.0,21.0,16.0,1.0,14.0,3.0,126.0,0.0,662.0,0.0,1.0,152.0,7.0,5.0,36.0,253.0,3.0,2.0,13.0,4.0,0.0,0.0,0.0,2.0,12.0,0.0,78.0,583.0,246.0,357.0,525.0,4.0,6.0,0.0,0.0,1.0,2.0,0.0,44.0,18.0,5.0,91.0,684.0,2.0,603.0,10.0,12.0,81.0,791.0,2.0,2.0,0.0,25.0,45.0,52.0,31.0,36.0,3.0,0.0,0.0,0.0,2.0,0.0,0.0,0.0,0.0,0.0,0.0,0.0,0.0,0.0,0.0,0.0,0.0,0.0,0.0,0.0,0.0,0.0,0.0,0.0,1.0,1.0,0.0,0.0,0.0,9.0,9.0,0.0,0.0,0.0,0.0,0.0,0.0,0.0,0.0,0.0,0.0,0.0,0.0,0.0,0.0,0.0,0.0,0.0,0.0,0.0,0.0,2.98,1.53,1.44,0.09,2.98,0.09,0.45,18.31,0.0,0.09,6.31,3.43,2.89,3.16,24.53,0.54,0.09,0.9,0.9,0.0,3.34,1.89,1.44,0.09,1.26,0.27,11.36,0.0,59.7,0.0,0.09,13.71,0.63,0.45,3.25,22.82,0.27,0.18,0.0,0.0,0.18,1.08,0.0,7.03,52.58,22.18,32.19,47.34,0.36,0.54,0.0,0.0,0.09,0.18,0.0,3.97,1.62,0.45,8.21,61.68,0.18,54.38,0.9,1.08,7.3,71.33,0.18,0.18,0.0,2.25,4.06,4.69,2.8,3.25,0.27,0.0,0.0,0.0,0.18,0.0,0.0,0.0,0.0,0.0,0.0,0.0,0.0,0.0,0.0,0.0,0.0,0.0,0.0,0.0,0.0,0.0,0.0,0.0,0.09,0.09,0.0,0.0,0.0,0.81,0.81,0.0,0.0,0.0,0.0,0.0,0.0,0.0,0.0,0.0,0.0,0.0,0.0,0.0,0.0,0.0,0.0,0.0,0.0,0.0,0.0,88.2,45.7,48.5,43.2,60.0,0.0,100.0,0.0
Spain_Primera_Division,2025-2026,Club Atlético de Madrid,amxunh6enoc99r07cp7qt621h,Marcos Llorente,Spain,Midfielder,14,1862.0,20.69,True,21.0,12.0,9.0,25.0,4.0,217.0,6.0,2.0,307.0,6.0,0.0,16.0,144.0,66.0,78.0,441.0,431.0,17.0,25.0,4.0,19.0,15.0,4.0,123.0,54.0,69.0,0.0,9.0,15.0,446.0,2.0,1213.0,1.0,2.0,158.0,40.0,13.0,107.0,143.0,19.0,4.0,21.0,4.0,4.0,9.0,9.0,13.0,4.0,9.0,50.0,1083.0,554.0,557.0,1052.0,15.0,31.0,21.0,106.0,14.0,9.0,0.0,46.0,24.0,10.0,220.0,1237.0,10.0,1102.0,46.0,52.0,135.0,1631.0,28.0,28.0,8.0,19.0,32.0,115.0,48.0,103.0,5.0,0.0,0.0,6.0,4.0,0.0,0.0,0.0,0.0,0.0,0.0,0.0,0.0,0.0,0.0,2.0,0.0,0.0,1.0,0.0,0.0,0.0,0.0,0.0,0.0,0.0,0.0,0.0,0.0,1.0,1.0,0.0,0.0,0.0,0.0,0.0,0.0,0.0,0.0,0.0,0.0,0.0,0.0,0.0,0.0,0.0,0.0,0.0,0.0,0.0,0.0,1.02,0.58,0.44,0.19,10.49,0.29,0.1,14.84,0.0,0.77,6.96,3.19,3.77,21.32,20.83,0.82,0.19,0.92,0.73,0.19,5.95,2.61,3.34,0.0,0.44,0.73,21.56,0.1,58.63,0.05,0.1,7.64,1.93,0.63,5.17,6.91,0.92,0.19,0.44,0.44,0.63,0.19,0.44,2.42,52.35,26.78,26.92,50.85,0.73,1.5,1.02,5.12,0.68,0.44,0.0,2.22,1.16,0.48,10.63,59.79,0.48,53.27,2.22,2.51,6.53,78.83,1.35,1.35,0.39,0.92,1.55,5.56,2.32,4.98,0.24,0.0,0.0,0.29,0.19,0.0,0.0,0.0,0.0,0.0,0.0,0.0,0.0,0.0,0.0,0.1,0.0,0.0,0.05,0.0,0.0,0.0,0.0,0.0,0.0,0.0,0.0,0.0,0.0,0.05,0.05,0.0,0.0,0.0,0.0,0.0,0.0,0.0,0.0,0.0,0.0,0.0,0.0,0.0,0.0,0.0,0.0,0.0,0.0,0.0,0.0,89.1,54.2,42.9,56.1,67.4,60.0,61.9,0.0
Spain_Primera_Division,2025-2026,Club Atlético de Madrid,8d04q3yp2kouwog0lj0s7ew2x,A. Lookman,Nigeria,Forward,22,337.0,3.74,False,4.0,2.0,2.0,7.0,0.0,34.0,4.0,0.0,43.0,0.0,0.0,5.0,28.0,16.0,12.0,99.0,13.0,1.0,7.0,0.0,6.0,5.0,1.0,24.0,14.0,10.0,1.0,1.0,4.0,6.0,4.0,92.0,2.0,1.0,30.0,5.0,2.0,17.0,39.0,4.0,6.0,5.0,5.0,2.0,0.0,0.0,5.0,0.0,4.0,1.0,77.0,60.0,17.0,76.0,1.0,1.0,0.0,1.0,10.0,1.0,0.0,0.0,3.0,3.0,39.0,92.0,9.0,77.0,2.0,26.0,15.0,149.0,6.0,6.0,2.0,0.0,2.0,20.0,1.0,13.0,1.0,1.0,0.0,3.0,0.0,0.0,2.0,1.0,2.0,0.0,0.0,0.0,0.0,1.0,0.0,1.0,2.0,0.0,0.0,1.0,1.0,1.0,0.0,0.0,0.0,0.0,0.0,0.0,0.0,0.0,0.0,0.0,0.0,0.0,0.0,0.0,0.0,0.0,0.0,0.0,0.0,0.0,0.0,0.0,0.0,0.0,0.0,0.0,0.0,0.0,0.0,1.07,0.53,0.53,0.0,9.08,1.07,0.0,11.48,0.0,1.34,7.48,4.27,3.2,26.44,3.47,0.27,0.0,1.6,1.34,0.27,6.41,3.74,2.67,0.27,0.27,1.07,1.6,1.07,24.57,0.53,0.27,8.01,1.34,0.53,4.54,10.42,1.07,1.6,0.0,0.0,1.34,0.0,1.07,0.27,20.56,16.02,4.54,20.3,0.27,0.27,0.0,0.27,2.67,0.27,0.0,0.0,0.8,0.8,10.42,24.57,2.4,20.56,0.53,6.94,4.01,39.79,1.6,1.6,0.53,0.0,0.53,5.34,0.27,3.47,0.27,0.27,0.0,0.8,0.0,0.0,0.53,0.27,0.53,0.0,0.0,0.0,0.0,0.27,0.0,0.27,0.53,0.0,0.0,0.27,0.27,0.27,0.0,0.0,0.0,0.0,0.0,0.0,0.0,0.0,0.0,0.0,0.0,0.0,0.0,0.0,0.0,0.0,0.0,0.0,0.0,0.0,0.0,0.0,0.0,0.0,0.0,0.0,0.0,0.0,0.0,83.7,42.9,50.0,41.7,50.0,33.3,71.4,0.0
Spain_Primera_Division,2025-2026,Club Atlético de Madrid,a9olh86vdqnby3hz8ibwfq784,Iker Luque,Spain,Forward,37,0.0,0.0,False,0.0,0.0,0.0,0.0,0.0,0.0,0.0,0.0,0.0,0.0,0.0,0.0,0.0,0.0,0.0,0.0,0.0,0.0,0.0,0.0,0.0,0.0,0.0,0.0,0.0,0.0,0.0,0.0,0.0,0.0,0.0,0.0,0.0,0.0,0.0,0.0,0.0,0.0,0.0,0.0,0.0,0.0,0.0,0.0,0.0,0.0,0.0,0.0,0.0,0.0,0.0,0.0,0.0,0.0,0.0,0.0,0.0,0.0,0.0,0.0,0.0,0.0,0.0,0.0,0.0,0.0,0.0,0.0,0.0,0.0,0.0,0.0,0.0,0.0,0.0,0.0,0.0,0.0,0.0,0.0,0.0,0.0,0.0,0.0,0.0,0.0,0.0,0.0,0.0,0.0,0.0,0.0,0.0,0.0,0.0,0.0,0.0,0.0,0.0,0.0,0.0,0.0,0.0,0.0,0.0,0.0,0.0,0.0,0.0,0.0,0.0,0.0,0.0,0.0,0.0,0.0,0.0,0.0,0.0,0.0,0.0,0.0,0.0,0.0,0.0,0.0,0.0,0.0,0.0,0.0,0.0,0.0,0.0,0.0,0.0,0.0,0.0,0.0,0.0,0.0,0.0,0.0,0.0,0.0,0.0,0.0,0.0,0.0,0.0,0.0,0.0,0.0,0.0,0.0,0.0,0.0,0.0,0.0,0.0,0.0,0.0,0.0,0.0,0.0,0.0,0.0,0.0,0.0,0.0,0.0,0.0,0.0,0.0,0.0,0.0,0.0,0.0,0.0,0.0,0.0,0.0,0.0,0.0,0.0,0.0,0.0,0.0,0.0,0.0,0.0,0.0,0.0,0.0,0.0,0.0,0.0,0.0,0.0,0.0,0.0,0.0,0.0,0.0,0.0,0.0,0.0,0.0,0.0,0.0,0.0,0.0,0.0,0.0,0.0,0.0,0.0,0.0,0.0,0.0,0.0,0.0,0.0,0.0,0.0,0.0,0.0,0.0,0.0,0.0,0.0,0.0,0.0,0.0,0.0,0.0,0.0,0.0,0.0,0.0,0.0,0.0,0.0,0.0,0.0,0.0,0.0,0.0,0.0,0.0,0.0,0.0,0.0,0.0,0.0,0.0,0.0,0.0,0.0,0.0,0.0,0.0,0.0,0.0,0.0
Spain_Primera_Division,2025-2026,Club Atlético de Madrid,51qvkjhgmbxersyfxzb8en1n8,Dani Martínez,Spain,Defender,30,0.0,0.0,False,0.0,0.0,0.0,0.0,0.0,0.0,0.0,0.0,0.0,0.0,0.0,0.0,0.0,0.0,0.0,0.0,0.0,0.0,0.0,0.0,0.0,0.0,0.0,0.0,0.0,0.0,0.0,0.0,0.0,0.0,0.0,0.0,0.0,0.0,0.0,0.0,0.0,0.0,0.0,0.0,0.0,0.0,0.0,0.0,0.0,0.0,0.0,0.0,0.0,0.0,0.0,0.0,0.0,0.0,0.0,0.0,0.0,0.0,0.0,0.0,0.0,0.0,0.0,0.0,0.0,0.0,0.0,0.0,0.0,0.0,0.0,0.0,0.0,0.0,0.0,0.0,0.0,0.0,0.0,0.0,0.0,0.0,0.0,0.0,0.0,0.0,0.0,0.0,0.0,0.0,0.0,0.0,0.0,0.0,0.0,0.0,0.0,0.0,0.0,0.0,0.0,0.0,0.0,0.0,0.0,0.0,0.0,0.0,0.0,0.0,0.0,0.0,0.0,0.0,0.0,0.0,0.0,0.0,0.0,0.0,0.0,0.0,0.0,0.0,0.0,0.0,0.0,0.0,0.0,0.0,0.0,0.0,0.0,0.0,0.0,0.0,0.0,0.0,0.0,0.0,0.0,0.0,0.0,0.0,0.0,0.0,0.0,0.0,0.0,0.0,0.0,0.0,0.0,0.0,0.0,0.0,0.0,0.0,0.0,0.0,0.0,0.0,0.0,0.0,0.0,0.0,0.0,0.0,0.0,0.0,0.0,0.0,0.0,0.0,0.0,0.0,0.0,0.0,0.0,0.0,0.0,0.0,0.0,0.0,0.0,0.0,0.0,0.0,0.0,0.0,0.0,0.0,0.0,0.0,0.0,0.0,0.0,0.0,0.0,0.0,0.0,0.0,0.0,0.0,0.0,0.0,0.0,0.0,0.0,0.0,0.0,0.0,0.0,0.0,0.0,0.0,0.0,0.0,0.0,0.0,0.0,0.0,0.0,0.0,0.0,0.0,0.0,0.0,0.0,0.0,0.0,0.0,0.0,0.0,0.0,0.0,0.0,0.0,0.0,0.0,0.0,0.0,0.0,0.0,0.0,0.0,0.0,0.0,0.0,0.0,0.0,0.0,0.0,0.0,0.0,0.0,0.0,0.0,0.0,0.0,0.0,0.0,0.0,0.0
Spain_Primera_Division,2025-2026,Club Atlético de Madrid,c90gk99jn34wxtlad784hpnv8,Carlos Martín,Spain,Forward,12,312.0,3.47,False,14.0,8.0,6.0,7.0,0.0,31.0,1.0,2.0,21.0,0.0,0.0,3.0,51.0,31.0,20.0,59.0,22.0,2.0,7.0,0.0,7.0,7.0,0.0,37.0,23.0,14.0,0.0,0.0,1.0,21.0,0.0,81.0,0.0,2.0,8.0,6.0,4.0,15.0,7.0,1.0,2.0,5.0,5.0,2.0,1.0,1.0,3.0,0.0,7.0,1.0,64.0,32.0,33.0,63.0,5.0,4.0,1.0,0.0,5.0,1.0,0.0,3.0,9.0,3.0,45.0,81.0,3.0,64.0,9.0,11.0,17.0,147.0,6.0,6.0,1.0,2.0,3.0,19.0,4.0,14.0,1.0,0.0,0.0,1.0,1.0,0.0,0.0,0.0,0.0,0.0,0.0,0.0,0.0,0.0,0.0,1.0,0.0,0.0,1.0,0.0,0.0,0.0,0.0,0.0,0.0,0.0,0.0,0.0,0.0,0.0,0.0,0.0,0.0,0.0,0.0,0.0,0.0,0.0,0.0,0.0,0.0,0.0,0.0,0.0,0.0,0.0,0.0,0.0,0.0,0.0,0.0,4.04,2.31,1.73,0.0,8.94,0.29,0.58,6.06,0.0,0.87,14.71,8.94,5.77,17.02,6.35,0.58,0.0,2.02,2.02,0.0,10.67,6.63,4.04,0.0,0.0,0.29,6.06,0.0,23.37,0.0,0.58,2.31,1.73,1.15,4.33,2.02,0.29,0.58,0.29,0.29,0.87,0.0,2.02,0.29,18.46,9.23,9.52,18.17,1.44,1.15,0.29,0.0,1.44,0.29,0.0,0.87,2.6,0.87,12.98,23.37,0.87,18.46,2.6,3.17,4.9,42.4,1.73,1.73,0.29,0.58,0.87,5.48,1.15,4.04,0.29,0.0,0.0,0.29,0.29,0.0,0.0,0.0,0.0,0.0,0.0,0.0,0.0,0.0,0.0,0.29,0.0,0.0,0.29,0.0,0.0,0.0,0.0,0.0,0.0,0.0,0.0,0.0,0.0,0.0,0.0,0.0,0.0,0.0,0.0,0.0,0.0,0.0,0.0,0.0,0.0,0.0,0.0,0.0,0.0,0.0,0.0,0.0,0.0,0.0,0.0,79.0,39.2,42.9,37.8,44.4,33.3,75.0,0.0
Spain_Primera_Division,2025-2026,Club Atlético de Madrid,1filh68q6hdk921qkdo7rsvmc,Rodrigo Mendoza,Spain,Midfielder,4,1007.0,11.19,True,21.0,16.0,5.0,20.0,0.0,116.0,6.0,1.0,138.0,0.0,0.0,5.0,134.0,77.0,57.0,248.0,119.0,10.0,20.0,0.0,19.0,17.0,2.0,113.0,61.0,52.0,1.0,4.0,11.0,164.0,2.0,511.0,2.0,2.0,80.0,14.0,6.0,52.0,138.0,11.0,6.0,10.0,8.0,10.0,6.0,3.0,16.0,1.0,26.0,21.0,435.0,285.0,181.0,439.0,5.0,11.0,0.0,3.0,33.0,1.0,0.0,8.0,22.0,20.0,158.0,537.0,8.0,460.0,16.0,25.0,77.0,748.0,12.0,8.0,16.0,3.0,14.0,65.0,24.0,63.0,5.0,0.0,0.0,2.0,7.0,7.0,1.0,1.0,1.0,0.0,1.0,0.0,0.0,1.0,1.0,0.0,0.0,2.0,0.0,1.0,0.0,0.0,0.0,0.0,0.0,0.0,0.0,0.0,0.0,0.0,0.0,0.0,0.0,0.0,0.0,0.0,0.0,0.0,0.0,0.0,0.0,0.0,0.0,0.0,0.0,0.0,0.0,0.0,0.0,0.0,0.0,1.88,1.43,0.45,0.0,10.37,0.54,0.09,12.33,0.0,0.45,11.98,6.88,5.09,22.16,10.64,0.89,0.0,1.7,1.52,0.18,10.1,5.45,4.65,0.09,0.36,0.98,14.66,0.18,45.67,0.18,0.18,7.15,1.25,0.54,4.65,12.33,0.98,0.54,0.54,0.27,1.43,0.09,2.32,1.88,38.88,25.47,16.18,39.24,0.45,0.98,0.0,0.27,2.95,0.09,0.0,0.71,1.97,1.79,14.12,47.99,0.71,41.11,1.43,2.23,6.88,66.85,1.07,0.71,1.43,0.27,1.25,5.81,2.14,5.63,0.45,0.0,0.0,0.18,0.63,0.63,0.09,0.09,0.09,0.0,0.09,0.0,0.0,0.09,0.09,0.0,0.0,0.18,0.0,0.09,0.0,0.0,0.0,0.0,0.0,0.0,0.0,0.0,0.0,0.0,0.0,0.0,0.0,0.0,0.0,0.0,0.0,0.0,0.0,0.0,0.0,0.0,0.0,0.0,0.0,0.0,0.0,0.0,0.0,0.0,0.0,85.7,42.5,23.8,46.0,68.8,25.0,50.0,0.0
Spain_Primera_Division,2025-2026,Club Atlético de Madrid,ieu0x9fy8hpqyztdjg8bgpnt,N. Molina,Argentina,Defender,16,1129.0,12.54,True,17.0,11.0,6.0,22.0,1.0,93.0,2.0,4.0,140.0,5.0,0.0,5.0,112.0,57.0,55.0,249.0,230.0,7.0,22.0,1.0,15.0,10.0,5.0,95.0,46.0,49.0,1.0,13.0,14.0,267.0,2.0,628.0,1.0,0.0,90.0,27.0,12.0,69.0,46.0,15.0,6.0,12.0,2.0,10.0,10.0,8.0,13.0,1.0,4.0,22.0,507.0,281.0,243.0,492.0,14.0,19.0,31.0,86.0,16.0,3.0,0.0,29.0,12.0,3.0,222.0,636.0,9.0,514.0,33.0,19.0,122.0,967.0,31.0,28.0,10.0,17.0,34.0,104.0,49.0,88.0,4.0,1.0,0.0,3.0,1.0,4.0,2.0,2.0,0.0,2.0,0.0,0.0,0.0,2.0,2.0,1.0,0.0,2.0,0.0,1.0,1.0,0.0,0.0,0.0,0.0,0.0,0.0,0.0,0.0,0.0,0.0,0.0,0.0,0.0,0.0,0.0,0.0,0.0,0.0,0.0,0.0,0.0,0.0,0.0,0.0,0.0,0.0,0.0,0.0,0.0,0.0,1.36,0.88,0.48,0.08,7.41,0.16,0.32,11.16,0.0,0.4,8.93,4.54,4.38,19.85,18.33,0.56,0.08,1.2,0.8,0.4,7.57,3.67,3.91,0.08,1.04,1.12,21.28,0.16,50.06,0.08,0.0,7.17,2.15,0.96,5.5,3.67,1.2,0.48,0.8,0.64,1.04,0.08,0.32,1.75,40.42,22.4,19.37,39.22,1.12,1.51,2.47,6.86,1.28,0.24,0.0,2.31,0.96,0.24,17.7,50.7,0.72,40.97,2.63,1.51,9.73,77.09,2.47,2.23,0.8,1.36,2.71,8.29,3.91,7.02,0.32,0.08,0.0,0.24,0.08,0.32,0.16,0.16,0.0,0.16,0.0,0.0,0.0,0.16,0.16,0.08,0.0,0.16,0.0,0.08,0.08,0.0,0.0,0.0,0.0,0.0,0.0,0.0,0.0,0.0,0.0,0.0,0.0,0.0,0.0,0.0,0.0,0.0,0.0,0.0,0.0,0.0,0.0,0.0,0.0,0.0,0.0,0.0,0.0,0.0,0.0,80.8,49.1,35.3,51.6,57.6,33.3,56.5,0.0
Spain_Primera_Division,2025-2026,Club Atlético de Madrid,2hgczqjd0r748ye3zmqm0am1g,Jano Monserrate,Spain,Midfielder,27,17.0,0.19,False,0.0,0.0,0.0,1.0,0.0,1.0,0.0,0.0,0.0,0.0,0.0,0.0,5.0,2.0,3.0,3.0,2.0,1.0,1.0,0.0,0.0,0.0,0.0,5.0,2.0,3.0,0.0,0.0,0.0,1.0,0.0,6.0,0.0,0.0,0.0,0.0,0.0,1.0,2.0,0.0,0.0,0.0,0.0,1.0,0.0,0.0,0.0,0.0,0.0,0.0,5.0,3.0,2.0,5.0,0.0,2.0,0.0,0.0,1.0,0.0,0.0,0.0,1.0,1.0,4.0,6.0,0.0,5.0,2.0,0.0,1.0,12.0,1.0,1.0,1.0,0.0,0.0,2.0,0.0,1.0,0.0,0.0,0.0,0.0,0.0,0.0,0.0,0.0,0.0,0.0,0.0,0.0,0.0,0.0,0.0,0.0,0.0,0.0,0.0,0.0,0.0,0.0,0.0,0.0,0.0,0.0,0.0,0.0,0.0,0.0,0.0,0.0,0.0,0.0,0.0,0.0,0.0,0.0,0.0,0.0,0.0,0.0,0.0,0.0,0.0,0.0,0.0,0.0,0.0,0.0,0.0,0.0,0.0,0.0,0.0,5.29,0.0,0.0,0.0,0.0,0.0,26.47,10.59,15.88,15.88,10.59,5.29,0.0,0.0,0.0,0.0,26.47,10.59,15.88,0.0,0.0,0.0,5.29,0.0,31.76,0.0,0.0,0.0,0.0,0.0,5.29,10.59,0.0,0.0,0.0,0.0,0.0,0.0,0.0,0.0,26.47,15.88,10.59,26.47,0.0,10.59,0.0,0.0,5.29,0.0,0.0,0.0,5.29,5.29,21.18,31.76,0.0,26.47,10.59,0.0,5.29,63.53,5.29,5.29,5.29,0.0,0.0,10.59,0.0,5.29,0.0,0.0,0.0,0.0,0.0,0.0,0.0,0.0,0.0,0.0,0.0,0.0,0.0,0.0,0.0,0.0,0.0,0.0,0.0,0.0,0.0,0.0,0.0,0.0,0.0,0.0,0.0,0.0,0.0,0.0,0.0,0.0,0.0,0.0,0.0,0.0,0.0,0.0,0.0,0.0,0.0,0.0,0.0,0.0,0.0,0.0,0.0,0.0,0.0,0.0,0.0,83.3,60.0,0.0,60.0,100.0,0.0,0.0,0.0
Spain_Primera_Division,2025-2026,Club Atlético de Madrid,8921la7pznfjc4e69ul2pqmms,Javier Morcillo,Spain,Midfielder,47,29.0,0.32,False,1.0,1.0,0.0,1.0,0.0,0.0,0.0,0.0,0.0,0.0,0.0,0.0,4.0,3.0,1.0,0.0,3.0,1.0,1.0,0.0,1.0,1.0,0.0,3.0,2.0,1.0,0.0,0.0,0.0,1.0,0.0,4.0,0.0,0.0,0.0,0.0,0.0,0.0,0.0,0.0,0.0,0.0,0.0,1.0,0.0,0.0,0.0,0.0,0.0,0.0,3.0,0.0,3.0,3.0,0.0,1.0,0.0,0.0,0.0,0.0,0.0,1.0,2.0,0.0,1.0,4.0,0.0,3.0,1.0,0.0,1.0,6.0,0.0,0.0,0.0,0.0,1.0,1.0,0.0,0.0,0.0,0.0,0.0,0.0,0.0,0.0,0.0,0.0,0.0,0.0,0.0,0.0,0.0,0.0,0.0,0.0,0.0,0.0,0.0,0.0,0.0,0.0,0.0,0.0,0.0,0.0,0.0,0.0,0.0,0.0,0.0,0.0,0.0,0.0,0.0,0.0,0.0,0.0,0.0,0.0,0.0,0.0,0.0,0.0,0.0,0.0,0.0,0.0,0.0,0.0,0.0,3.1,3.1,0.0,0.0,0.0,0.0,0.0,0.0,0.0,0.0,12.41,9.31,3.1,0.0,9.31,3.1,0.0,3.1,3.1,0.0,9.31,6.21,3.1,0.0,0.0,0.0,3.1,0.0,12.41,0.0,0.0,0.0,0.0,0.0,0.0,0.0,0.0,0.0,0.0,0.0,0.0,0.0,0.0,0.0,9.31,0.0,9.31,9.31,0.0,3.1,0.0,0.0,0.0,0.0,0.0,3.1,6.21,0.0,3.1,12.41,0.0,9.31,3.1,0.0,3.1,18.62,0.0,0.0,0.0,0.0,3.1,3.1,0.0,0.0,0.0,0.0,0.0,0.0,0.0,0.0,0.0,0.0,0.0,0.0,0.0,0.0,0.0,0.0,0.0,0.0,0.0,0.0,0.0,0.0,0.0,0.0,0.0,0.0,0.0,0.0,0.0,0.0,0.0,0.0,0.0,0.0,0.0,0.0,0.0,0.0,0.0,0.0,0.0,0.0,0.0,0.0,0.0,0.0,0.0,0.0,0.0,0.0,0.0,0.0,0.0,75.0,25.0,0.0,33.3,100.0,0.0,0.0,0.0
Spain_Primera_Division,2025-2026,Club Atlético de Madrid,5df1lmed2itp14z4efyymmvbo,Álvaro Moreno,Spain,Goalkeeper,51,0.0,0.0,False,0.0,0.0,0.0,0.0,0.0,0.0,0.0,0.0,0.0,0.0,0.0,0.0,0.0,0.0,0.0,0.0,0.0,0.0,0.0,0.0,0.0,0.0,0.0,0.0,0.0,0.0,0.0,0.0,0.0,0.0,0.0,0.0,0.0,0.0,0.0,0.0,0.0,0.0,0.0,0.0,0.0,0.0,0.0,0.0,0.0,0.0,0.0,0.0,0.0,0.0,0.0,0.0,0.0,0.0,0.0,0.0,0.0,0.0,0.0,0.0,0.0,0.0,0.0,0.0,0.0,0.0,0.0,0.0,0.0,0.0,0.0,0.0,0.0,0.0,0.0,0.0,0.0,0.0,0.0,0.0,0.0,0.0,0.0,0.0,0.0,0.0,0.0,0.0,0.0,0.0,0.0,0.0,0.0,0.0,0.0,0.0,0.0,0.0,0.0,0.0,0.0,0.0,0.0,0.0,0.0,0.0,0.0,0.0,0.0,0.0,0.0,0.0,0.0,0.0,0.0,0.0,0.0,0.0,0.0,0.0,0.0,0.0,0.0,0.0,0.0,0.0,0.0,0.0,0.0,0.0,0.0,0.0,0.0,0.0,0.0,0.0,0.0,0.0,0.0,0.0,0.0,0.0,0.0,0.0,0.0,0.0,0.0,0.0,0.0,0.0,0.0,0.0,0.0,0.0,0.0,0.0,0.0,0.0,0.0,0.0,0.0,0.0,0.0,0.0,0.0,0.0,0.0,0.0,0.0,0.0,0.0,0.0,0.0,0.0,0.0,0.0,0.0,0.0,0.0,0.0,0.0,0.0,0.0,0.0,0.0,0.0,0.0,0.0,0.0,0.0,0.0,0.0,0.0,0.0,0.0,0.0,0.0,0.0,0.0,0.0,0.0,0.0,0.0,0.0,0.0,0.0,0.0,0.0,0.0,0.0,0.0,0.0,0.0,0.0,0.0,0.0,0.0,0.0,0.0,0.0,0.0,0.0,0.0,0.0,0.0,0.0,0.0,0.0,0.0,0.0,0.0,0.0,0.0,0.0,0.0,0.0,0.0,0.0,0.0,0.0,0.0,0.0,0.0,0.0,0.0,0.0,0.0,0.0,0.0,0.0,0.0,0.0,0.0,0.0,0.0,0.0,0.0,0.0,0.0,0.0,0.0,0.0,0.0,0.0
Spain_Primera_Division,2025-2026,Club Atlético de Madrid,7drgir9lcwfst8vxz07jboe6t,J. Musso,Argentina,Goalkeeper,1,360.0,4.0,False,0.0,0.0,0.0,4.0,0.0,0.0,0.0,0.0,7.0,2.0,0.0,0.0,1.0,0.0,1.0,0.0,50.0,0.0,4.0,0.0,5.0,4.0,1.0,1.0,0.0,1.0,0.0,0.0,0.0,30.0,0.0,63.0,0.0,1.0,3.0,0.0,0.0,35.0,19.0,0.0,0.0,4.0,0.0,0.0,0.0,0.0,0.0,3.0,0.0,14.0,57.0,6.0,73.0,65.0,0.0,0.0,0.0,0.0,0.0,0.0,3.0,3.0,0.0,1.0,20.0,99.0,0.0,79.0,0.0,0.0,20.0,146.0,0.0,0.0,0.0,7.0,20.0,16.0,4.0,0.0,2.0,0.0,0.0,0.0,0.0,0.0,0.0,0.0,0.0,0.0,0.0,0.0,0.0,0.0,0.0,0.0,0.0,0.0,0.0,0.0,0.0,0.0,0.0,0.0,0.0,0.0,0.0,0.0,0.0,39.0,22.0,0.0,0.0,3.0,1.0,6.0,0.0,1.0,0.0,1.0,15.0,9.0,6.0,0.0,1.0,3.0,0.0,0.0,0.0,0.0,0.0,0.0,0.0,0.0,0.0,0.0,0.0,0.0,1.75,0.0,0.0,0.25,0.0,0.25,0.0,12.5,0.0,0.0,1.25,1.0,0.25,0.25,0.0,0.25,0.0,0.0,0.0,7.5,0.0,15.75,0.0,0.25,0.75,0.0,0.0,8.75,4.75,0.0,0.0,0.0,0.0,0.0,0.75,0.0,3.5,14.25,1.5,18.25,16.25,0.0,0.0,0.0,0.0,0.0,0.0,0.75,0.75,0.0,0.25,5.0,24.75,0.0,19.75,0.0,0.0,5.0,36.5,0.0,0.0,0.0,1.75,5.0,4.0,1.0,0.0,0.5,0.0,0.0,0.0,0.0,0.0,0.0,0.0,0.0,0.0,0.0,0.0,0.0,0.0,0.0,0.0,0.0,0.0,0.0,0.0,0.0,0.0,0.0,0.0,0.0,0.0,0.0,0.0,0.0,9.75,5.5,0.0,0.0,0.75,0.25,1.5,0.0,0.25,0.0,0.25,3.75,2.25,1.5,0.0,0.25,0.75,0.0,0.0,0.0,0.0,0.0,79.8,100.0,0.0,100.0,0.0,0.0,0.0,75.0
Spain_Primera_Division,2025-2026,Club Atlético de Madrid,2yt9oajv9dkbju8tgy1g2nmqd,J. Oblak,Slovenia,Goalkeeper,13,2340.0,26.0,True,6.0,1.0,5.0,26.0,0.0,0.0,0.0,0.0,65.0,10.0,0.0,0.0,11.0,3.0,8.0,0.0,431.0,0.0,26.0,0.0,25.0,19.0,6.0,5.0,2.0,3.0,0.0,0.0,0.0,170.0,0.0,491.0,0.0,1.0,22.0,2.0,0.0,212.0,167.0,0.0,0.0,26.0,0.0,0.0,0.0,0.0,0.0,51.0,0.0,174.0,403.0,107.0,461.0,394.0,0.0,0.0,0.0,1.0,0.0,0.0,17.0,19.0,0.0,4.0,202.0,768.0,0.0,568.0,0.0,0.0,200.0,992.0,0.0,0.0,0.0,94.0,199.0,132.0,68.0,1.0,0.0,0.0,0.0,0.0,0.0,0.0,0.0,0.0,0.0,0.0,0.0,0.0,0.0,0.0,0.0,0.0,0.0,0.0,0.0,0.0,0.0,0.0,0.0,0.0,0.0,0.0,0.0,0.0,0.0,243.0,196.0,0.0,0.0,16.0,2.0,69.0,2.0,2.0,0.0,10.0,58.0,39.0,19.0,0.0,0.0,17.0,0.0,0.0,0.0,0.0,0.0,0.23,0.04,0.19,0.0,0.0,0.0,0.0,2.5,0.0,0.0,0.42,0.12,0.31,0.0,16.58,0.0,0.0,0.96,0.73,0.23,0.19,0.08,0.12,0.0,0.0,0.0,6.54,0.0,18.88,0.0,0.04,0.85,0.08,0.0,8.15,6.42,0.0,0.0,0.0,0.0,0.0,1.96,0.0,6.69,15.5,4.12,17.73,15.15,0.0,0.0,0.0,0.04,0.0,0.0,0.65,0.73,0.0,0.15,7.77,29.54,0.0,21.85,0.0,0.0,7.69,38.15,0.0,0.0,0.0,3.62,7.65,5.08,2.62,0.04,0.0,0.0,0.0,0.0,0.0,0.0,0.0,0.0,0.0,0.0,0.0,0.0,0.0,0.0,0.0,0.0,0.0,0.0,0.0,0.0,0.0,0.0,0.0,0.0,0.0,0.0,0.0,0.0,0.0,9.35,7.54,0.0,0.0,0.62,0.08,2.65,0.08,0.08,0.0,0.38,2.23,1.5,0.73,0.0,0.0,0.65,0.0,0.0,0.0,0.0,0.0,74.0,72.7,83.3,60.0,0.0,0.0,0.0,69.9
Spain_Primera_Division,2025-2026,Club Atlético de Madrid,d0kzduhj90areaill2gvvw6xg,Marc Pubill,Spain,Defender,18,842.0,9.36,True,48.0,6.0,42.0,12.0,1.0,52.0,1.0,12.0,149.0,4.0,0.0,3.0,84.0,19.0,65.0,45.0,207.0,2.0,12.0,1.0,5.0,2.0,3.0,36.0,13.0,23.0,0.0,17.0,2.0,196.0,1.0,567.0,2.0,0.0,85.0,11.0,7.0,38.0,125.0,3.0,3.0,9.0,1.0,3.0,2.0,2.0,2.0,4.0,1.0,19.0,498.0,192.0,321.0,492.0,6.0,7.0,7.0,13.0,3.0,1.0,0.0,59.0,9.0,8.0,88.0,580.0,5.0,511.0,13.0,8.0,69.0,742.0,2.0,2.0,1.0,9.0,27.0,50.0,21.0,42.0,1.0,0.0,0.0,2.0,4.0,0.0,0.0,0.0,0.0,0.0,0.0,0.0,0.0,0.0,0.0,0.0,0.0,0.0,0.0,0.0,0.0,0.0,0.0,0.0,0.0,0.0,0.0,0.0,0.0,0.0,0.0,0.0,0.0,0.0,0.0,0.0,0.0,0.0,0.0,0.0,0.0,0.0,0.0,0.0,0.0,0.0,0.0,0.0,0.0,0.0,0.0,5.13,0.64,4.49,0.11,5.56,0.11,1.28,15.93,0.0,0.32,8.98,2.03,6.95,4.81,22.13,0.21,0.11,0.53,0.21,0.32,3.85,1.39,2.46,0.0,1.82,0.21,20.95,0.11,60.61,0.21,0.0,9.09,1.18,0.75,4.06,13.36,0.32,0.32,0.21,0.21,0.21,0.43,0.11,2.03,53.23,20.52,34.31,52.59,0.64,0.75,0.75,1.39,0.32,0.11,0.0,6.31,0.96,0.86,9.41,62.0,0.53,54.62,1.39,0.86,7.38,79.31,0.21,0.21,0.11,0.96,2.89,5.34,2.24,4.49,0.11,0.0,0.0,0.21,0.43,0.0,0.0,0.0,0.0,0.0,0.0,0.0,0.0,0.0,0.0,0.0,0.0,0.0,0.0,0.0,0.0,0.0,0.0,0.0,0.0,0.0,0.0,0.0,0.0,0.0,0.0,0.0,0.0,0.0,0.0,0.0,0.0,0.0,0.0,0.0,0.0,0.0,0.0,0.0,0.0,0.0,0.0,0.0,0.0,0.0,0.0,88.1,77.4,87.5,63.9,53.8,40.0,66.7,0.0
Spain_Primera_Division,2025-2026,Club Atlético de Madrid,6wdf76fgg6h13ybmzeye3io7o,A. Puric,Serbia,Defender,40,0.0,0.0,False,0.0,0.0,0.0,0.0,0.0,0.0,0.0,0.0,0.0,0.0,0.0,0.0,0.0,0.0,0.0,0.0,0.0,0.0,0.0,0.0,0.0,0.0,0.0,0.0,0.0,0.0,0.0,0.0,0.0,0.0,0.0,0.0,0.0,0.0,0.0,0.0,0.0,0.0,0.0,0.0,0.0,0.0,0.0,0.0,0.0,0.0,0.0,0.0,0.0,0.0,0.0,0.0,0.0,0.0,0.0,0.0,0.0,0.0,0.0,0.0,0.0,0.0,0.0,0.0,0.0,0.0,0.0,0.0,0.0,0.0,0.0,0.0,0.0,0.0,0.0,0.0,0.0,0.0,0.0,0.0,0.0,0.0,0.0,0.0,0.0,0.0,0.0,0.0,0.0,0.0,0.0,0.0,0.0,0.0,0.0,0.0,0.0,0.0,0.0,0.0,0.0,0.0,0.0,0.0,0.0,0.0,0.0,0.0,0.0,0.0,0.0,0.0,0.0,0.0,0.0,0.0,0.0,0.0,0.0,0.0,0.0,0.0,0.0,0.0,0.0,0.0,0.0,0.0,0.0,0.0,0.0,0.0,0.0,0.0,0.0,0.0,0.0,0.0,0.0,0.0,0.0,0.0,0.0,0.0,0.0,0.0,0.0,0.0,0.0,0.0,0.0,0.0,0.0,0.0,0.0,0.0,0.0,0.0,0.0,0.0,0.0,0.0,0.0,0.0,0.0,0.0,0.0,0.0,0.0,0.0,0.0,0.0,0.0,0.0,0.0,0.0,0.0,0.0,0.0,0.0,0.0,0.0,0.0,0.0,0.0,0.0,0.0,0.0,0.0,0.0,0.0,0.0,0.0,0.0,0.0,0.0,0.0,0.0,0.0,0.0,0.0,0.0,0.0,0.0,0.0,0.0,0.0,0.0,0.0,0.0,0.0,0.0,0.0,0.0,0.0,0.0,0.0,0.0,0.0,0.0,0.0,0.0,0.0,0.0,0.0,0.0,0.0,0.0,0.0,0.0,0.0,0.0,0.0,0.0,0.0,0.0,0.0,0.0,0.0,0.0,0.0,0.0,0.0,0.0,0.0,0.0,0.0,0.0,0.0,0.0,0.0,0.0,0.0,0.0,0.0,0.0,0.0,0.0,0.0,0.0,0.0,0.0,0.0,0.0
Spain_Primera_Division,2025-2026,Club Atlético de Madrid,abq67eup8kd31w8da2i0eftgp,G. Raspadori,Italy,Forward,22,226.0,2.51,False,10.0,7.0,3.0,12.0,1.0,32.0,1.0,0.0,37.0,0.0,0.0,3.0,31.0,18.0,13.0,65.0,15.0,1.0,12.0,1.0,4.0,3.0,1.0,21.0,11.0,10.0,1.0,0.0,3.0,18.0,2.0,89.0,0.0,0.0,9.0,4.0,2.0,13.0,26.0,4.0,3.0,1.0,1.0,11.0,3.0,1.0,1.0,0.0,5.0,1.0,70.0,47.0,28.0,71.0,1.0,1.0,0.0,1.0,7.0,2.0,0.0,1.0,3.0,7.0,36.0,91.0,6.0,72.0,2.0,22.0,19.0,138.0,6.0,1.0,3.0,0.0,0.0,20.0,5.0,19.0,1.0,0.0,0.0,3.0,0.0,8.0,0.0,0.0,0.0,0.0,0.0,0.0,0.0,0.0,2.0,1.0,0.0,4.0,1.0,0.0,0.0,0.0,0.0,0.0,0.0,0.0,0.0,0.0,0.0,0.0,0.0,0.0,0.0,0.0,0.0,0.0,0.0,0.0,0.0,0.0,0.0,0.0,0.0,0.0,0.0,0.0,0.0,0.0,0.0,0.0,0.0,3.98,2.79,1.19,0.4,12.74,0.4,0.0,14.73,0.0,1.19,12.35,7.17,5.18,25.88,5.97,0.4,0.4,1.59,1.19,0.4,8.36,4.38,3.98,0.4,0.0,1.19,7.17,0.8,35.44,0.0,0.0,3.58,1.59,0.8,5.18,10.35,1.59,1.19,1.19,0.4,0.4,0.0,1.99,0.4,27.88,18.72,11.15,28.27,0.4,0.4,0.0,0.4,2.79,0.8,0.0,0.4,1.19,2.79,14.34,36.24,2.39,28.67,0.8,8.76,7.57,54.96,2.39,0.4,1.19,0.0,0.0,7.96,1.99,7.57,0.4,0.0,0.0,1.19,0.0,3.19,0.0,0.0,0.0,0.0,0.0,0.0,0.0,0.0,0.8,0.4,0.0,1.59,0.4,0.0,0.0,0.0,0.0,0.0,0.0,0.0,0.0,0.0,0.0,0.0,0.0,0.0,0.0,0.0,0.0,0.0,0.0,0.0,0.0,0.0,0.0,0.0,0.0,0.0,0.0,0.0,0.0,0.0,0.0,0.0,0.0,79.1,41.9,30.0,47.6,50.0,50.0,25.0,0.0
Spain_Primera_Division,2025-2026,Club Atlético de Madrid,7mvqysbmyf6uj3jny3qpqw2ga,M. Ruggeri,Italy,Defender,3,1370.0,15.22,True,33.0,15.0,18.0,21.0,3.0,137.0,1.0,2.0,129.0,4.0,0.0,11.0,123.0,67.0,56.0,358.0,208.0,21.0,21.0,3.0,18.0,12.0,6.0,90.0,52.0,38.0,0.0,15.0,17.0,39.0,1.0,685.0,1.0,1.0,82.0,38.0,17.0,77.0,308.0,20.0,1.0,16.0,7.0,5.0,27.0,26.0,4.0,4.0,0.0,29.0,603.0,358.0,278.0,580.0,12.0,21.0,13.0,108.0,14.0,4.0,0.0,48.0,24.0,1.0,164.0,692.0,3.0,609.0,33.0,27.0,83.0,1058.0,43.0,43.0,12.0,13.0,21.0,95.0,31.0,62.0,4.0,0.0,0.0,2.0,3.0,2.0,0.0,0.0,0.0,0.0,0.0,0.0,0.0,0.0,1.0,0.0,0.0,0.0,0.0,0.0,0.0,0.0,0.0,0.0,0.0,0.0,0.0,1.0,0.0,0.0,0.0,0.0,0.0,0.0,0.0,0.0,0.0,0.0,0.0,0.0,0.0,0.0,0.0,0.0,0.0,0.0,0.0,0.0,0.0,0.0,0.0,2.17,0.99,1.18,0.2,9.0,0.07,0.13,8.47,0.0,0.72,8.08,4.4,3.68,23.52,13.66,1.38,0.2,1.18,0.79,0.39,5.91,3.42,2.5,0.0,0.99,1.12,2.56,0.07,45.0,0.07,0.07,5.39,2.5,1.12,5.06,20.23,1.31,0.07,1.77,1.71,0.26,0.26,0.0,1.91,39.61,23.52,18.26,38.1,0.79,1.38,0.85,7.09,0.92,0.26,0.0,3.15,1.58,0.07,10.77,45.46,0.2,40.01,2.17,1.77,5.45,69.5,2.82,2.82,0.79,0.85,1.38,6.24,2.04,4.07,0.26,0.0,0.0,0.13,0.2,0.13,0.0,0.0,0.0,0.0,0.0,0.0,0.0,0.0,0.07,0.0,0.0,0.0,0.0,0.0,0.0,0.0,0.0,0.0,0.0,0.0,0.0,0.07,0.0,0.0,0.0,0.0,0.0,0.0,0.0,0.0,0.0,0.0,0.0,0.0,0.0,0.0,0.0,0.0,0.0,0.0,0.0,0.0,0.0,0.0,0.0,88.0,45.5,54.5,42.2,63.6,66.7,25.0,0.0
Spain_Primera_Division,2025-2026,Club Atlético de Madrid,9i0zcx8u1isqf9q0iy4m3p27e,Javi Serrano,Spain,Midfielder,42,0.0,0.0,False,0.0,0.0,0.0,0.0,0.0,0.0,0.0,0.0,0.0,0.0,0.0,0.0,0.0,0.0,0.0,0.0,0.0,0.0,0.0,0.0,0.0,0.0,0.0,0.0,0.0,0.0,0.0,0.0,0.0,0.0,0.0,0.0,0.0,0.0,0.0,0.0,0.0,0.0,0.0,0.0,0.0,0.0,0.0,0.0,0.0,0.0,0.0,0.0,0.0,0.0,0.0,0.0,0.0,0.0,0.0,0.0,0.0,0.0,0.0,0.0,0.0,0.0,0.0,0.0,0.0,0.0,0.0,0.0,0.0,0.0,0.0,0.0,0.0,0.0,0.0,0.0,0.0,0.0,0.0,0.0,0.0,0.0,0.0,0.0,0.0,0.0,0.0,0.0,0.0,0.0,0.0,0.0,0.0,0.0,0.0,0.0,0.0,0.0,0.0,0.0,0.0,0.0,0.0,0.0,0.0,0.0,0.0,0.0,0.0,0.0,0.0,0.0,0.0,0.0,0.0,0.0,0.0,0.0,0.0,0.0,0.0,0.0,0.0,0.0,0.0,0.0,0.0,0.0,0.0,0.0,0.0,0.0,0.0,0.0,0.0,0.0,0.0,0.0,0.0,0.0,0.0,0.0,0.0,0.0,0.0,0.0,0.0,0.0,0.0,0.0,0.0,0.0,0.0,0.0,0.0,0.0,0.0,0.0,0.0,0.0,0.0,0.0,0.0,0.0,0.0,0.0,0.0,0.0,0.0,0.0,0.0,0.0,0.0,0.0,0.0,0.0,0.0,0.0,0.0,0.0,0.0,0.0,0.0,0.0,0.0,0.0,0.0,0.0,0.0,0.0,0.0,0.0,0.0,0.0,0.0,0.0,0.0,0.0,0.0,0.0,0.0,0.0,0.0,0.0,0.0,0.0,0.0,0.0,0.0,0.0,0.0,0.0,0.0,0.0,0.0,0.0,0.0,0.0,0.0,0.0,0.0,0.0,0.0,0.0,0.0,0.0,0.0,0.0,0.0,0.0,0.0,0.0,0.0,0.0,0.0,0.0,0.0,0.0,0.0,0.0,0.0,0.0,0.0,0.0,0.0,0.0,0.0,0.0,0.0,0.0,0.0,0.0,0.0,0.0,0.0,0.0,0.0,0.0,0.0,0.0,0.0,0.0,0.0,0.0
Spain_Primera_Division,2025-2026,Club Atlético de Madrid,5es43b4a7fv0lkmp63dj439ey,G. Simeone,Argentina,Forward,20,1919.0,21.32,True,44.0,19.0,25.0,27.0,5.0,271.0,6.0,3.0,240.0,2.0,2.0,24.0,260.0,131.0,129.0,619.0,188.0,10.0,27.0,6.0,20.0,16.0,4.0,216.0,112.0,104.0,4.0,17.0,22.0,340.0,6.0,859.0,4.0,2.0,123.0,47.0,13.0,99.0,62.0,28.0,15.0,22.0,15.0,5.0,8.0,8.0,27.0,0.0,17.0,9.0,700.0,452.0,258.0,693.0,15.0,22.0,7.0,23.0,60.0,8.0,2.0,11.0,20.0,40.0,321.0,861.0,28.0,702.0,37.0,124.0,159.0,1293.0,34.0,34.0,35.0,0.0,6.0,150.0,43.0,153.0,1.0,1.0,0.0,13.0,3.0,0.0,4.0,3.0,3.0,1.0,1.0,2.0,0.0,2.0,0.0,7.0,2.0,0.0,3.0,2.0,2.0,0.0,0.0,0.0,0.0,0.0,0.0,2.0,0.0,0.0,0.0,0.0,0.0,0.0,0.0,0.0,0.0,0.0,0.0,0.0,0.0,0.0,0.0,0.0,0.0,0.0,0.0,0.0,0.0,0.0,0.0,2.06,0.89,1.17,0.23,12.71,0.28,0.14,11.26,0.09,1.13,12.19,6.14,6.05,29.03,8.82,0.47,0.28,0.94,0.75,0.19,10.13,5.25,4.88,0.19,0.8,1.03,15.95,0.28,40.29,0.19,0.09,5.77,2.2,0.61,4.64,2.91,1.31,0.7,0.38,0.38,1.27,0.0,0.8,0.42,32.83,21.2,12.1,32.5,0.7,1.03,0.33,1.08,2.81,0.38,0.09,0.52,0.94,1.88,15.05,40.38,1.31,32.92,1.74,5.82,7.46,60.64,1.59,1.59,1.64,0.0,0.28,7.03,2.02,7.18,0.05,0.05,0.0,0.61,0.14,0.0,0.19,0.14,0.14,0.05,0.05,0.09,0.0,0.09,0.0,0.33,0.09,0.0,0.14,0.09,0.09,0.0,0.0,0.0,0.0,0.0,0.0,0.09,0.0,0.0,0.0,0.0,0.0,0.0,0.0,0.0,0.0,0.0,0.0,0.0,0.0,0.0,0.0,0.0,0.0,0.0,0.0,0.0,0.0,0.0,0.0,81.5,49.6,56.8,48.1,59.5,46.4,43.5,0.0
Spain_Primera_Division,2025-2026,Club Atlético de Madrid,6akzpi6rd6qq0ke07ojnhpoet,A. Sørloth,Norway,Forward,9,1592.0,17.69,True,134.0,57.0,77.0,29.0,0.0,95.0,9.0,2.0,108.0,0.0,0.0,16.0,238.0,127.0,111.0,288.0,72.0,8.0,29.0,0.0,20.0,15.0,5.0,104.0,70.0,34.0,1.0,0.0,10.0,104.0,8.0,336.0,1.0,1.0,59.0,13.0,4.0,27.0,85.0,10.0,16.0,17.0,11.0,12.0,2.0,2.0,9.0,0.0,26.0,5.0,220.0,165.0,77.0,235.0,6.0,6.0,0.0,0.0,43.0,2.0,0.0,18.0,24.0,13.0,220.0,356.0,44.0,240.0,12.0,106.0,116.0,608.0,9.0,9.0,18.0,0.0,2.0,99.0,26.0,114.0,4.0,3.0,1.0,28.0,1.0,1.0,10.0,7.0,10.0,0.0,3.0,4.0,0.0,2.0,0.0,12.0,9.0,0.0,13.0,9.0,1.0,4.0,0.0,0.0,0.0,1.0,0.0,0.0,0.0,0.0,0.0,0.0,1.0,0.0,0.0,0.0,0.0,0.0,0.0,0.0,0.0,0.0,0.0,0.0,0.0,0.0,0.0,0.0,0.0,0.0,0.0,7.58,3.22,4.35,0.0,5.37,0.51,0.11,6.11,0.0,0.9,13.45,7.18,6.28,16.28,4.07,0.45,0.0,1.13,0.85,0.28,5.88,3.96,1.92,0.06,0.0,0.57,5.88,0.45,18.99,0.06,0.06,3.34,0.73,0.23,1.53,4.81,0.57,0.9,0.11,0.11,0.51,0.0,1.47,0.28,12.44,9.33,4.35,13.29,0.34,0.34,0.0,0.0,2.43,0.11,0.0,1.02,1.36,0.73,12.44,20.13,2.49,13.57,0.68,5.99,6.56,34.37,0.51,0.51,1.02,0.0,0.11,5.6,1.47,6.44,0.23,0.17,0.06,1.58,0.06,0.06,0.57,0.4,0.57,0.0,0.17,0.23,0.0,0.11,0.0,0.68,0.51,0.0,0.73,0.51,0.06,0.23,0.0,0.0,0.0,0.06,0.0,0.0,0.0,0.0,0.0,0.0,0.06,0.0,0.0,0.0,0.0,0.0,0.0,0.0,0.0,0.0,0.0,0.0,0.0,0.0,0.0,0.0,0.0,0.0,0.0,67.4,46.6,57.5,32.7,50.0,63.6,33.3,0.0
Spain_Primera_Division,2025-2026,Club Atlético de Madrid,17qer12owcsluo5djhufxa8es,Taufik Seidu,Spain,Midfielder,28,22.0,0.24,False,0.0,0.0,0.0,1.0,0.0,0.0,0.0,0.0,0.0,0.0,0.0,0.0,2.0,2.0,0.0,1.0,2.0,2.0,1.0,0.0,1.0,1.0,0.0,2.0,2.0,0.0,0.0,0.0,0.0,1.0,0.0,4.0,1.0,0.0,0.0,2.0,1.0,1.0,1.0,0.0,0.0,0.0,0.0,1.0,0.0,0.0,0.0,0.0,0.0,0.0,2.0,0.0,2.0,2.0,0.0,0.0,0.0,0.0,0.0,0.0,0.0,0.0,2.0,0.0,3.0,4.0,0.0,2.0,0.0,0.0,2.0,7.0,0.0,0.0,0.0,0.0,0.0,2.0,0.0,2.0,1.0,0.0,0.0,0.0,0.0,0.0,0.0,0.0,0.0,0.0,0.0,0.0,0.0,0.0,0.0,0.0,0.0,0.0,0.0,0.0,0.0,0.0,0.0,0.0,0.0,0.0,0.0,0.0,0.0,0.0,0.0,0.0,0.0,0.0,0.0,0.0,0.0,0.0,0.0,0.0,0.0,0.0,0.0,0.0,0.0,0.0,0.0,0.0,0.0,0.0,0.0,0.0,0.0,0.0,0.0,0.0,0.0,0.0,0.0,0.0,0.0,8.18,8.18,0.0,4.09,8.18,8.18,0.0,4.09,4.09,0.0,8.18,8.18,0.0,0.0,0.0,0.0,4.09,0.0,16.36,4.09,0.0,0.0,8.18,4.09,4.09,4.09,0.0,0.0,0.0,0.0,0.0,0.0,0.0,0.0,8.18,0.0,8.18,8.18,0.0,0.0,0.0,0.0,0.0,0.0,0.0,0.0,8.18,0.0,12.27,16.36,0.0,8.18,0.0,0.0,8.18,28.64,0.0,0.0,0.0,0.0,0.0,8.18,0.0,8.18,4.09,0.0,0.0,0.0,0.0,0.0,0.0,0.0,0.0,0.0,0.0,0.0,0.0,0.0,0.0,0.0,0.0,0.0,0.0,0.0,0.0,0.0,0.0,0.0,0.0,0.0,0.0,0.0,0.0,0.0,0.0,0.0,0.0,0.0,0.0,0.0,0.0,0.0,0.0,0.0,0.0,0.0,0.0,0.0,0.0,0.0,0.0,0.0,0.0,0.0,0.0,50.0,0.0,0.0,0.0,0.0,0.0,0.0,0.0
Spain_Primera_Division,2025-2026,Club Atlético de Madrid,q00t04zyy8idanvhpee3ubu2,O. Vargas,Mexico,Midfielder,21,217.0,2.41,False,1.0,1.0,0.0,4.0,0.0,15.0,0.0,1.0,22.0,0.0,0.0,1.0,20.0,7.0,13.0,36.0,19.0,1.0,4.0,0.0,3.0,3.0,0.0,19.0,6.0,13.0,0.0,1.0,1.0,25.0,1.0,88.0,1.0,0.0,13.0,8.0,5.0,4.0,31.0,1.0,0.0,2.0,1.0,2.0,1.0,1.0,2.0,0.0,1.0,4.0,72.0,32.0,43.0,70.0,2.0,6.0,0.0,2.0,3.0,0.0,0.0,1.0,1.0,3.0,24.0,90.0,0.0,74.0,8.0,3.0,16.0,127.0,3.0,3.0,2.0,1.0,6.0,15.0,4.0,10.0,1.0,0.0,0.0,0.0,0.0,0.0,0.0,0.0,0.0,0.0,0.0,0.0,0.0,0.0,0.0,0.0,0.0,0.0,0.0,0.0,0.0,0.0,0.0,0.0,0.0,0.0,0.0,0.0,0.0,0.0,0.0,0.0,0.0,0.0,0.0,0.0,0.0,0.0,0.0,0.0,0.0,0.0,0.0,0.0,0.0,0.0,0.0,0.0,0.0,0.0,0.0,0.41,0.41,0.0,0.0,6.22,0.0,0.41,9.12,0.0,0.41,8.29,2.9,5.39,14.93,7.88,0.41,0.0,1.24,1.24,0.0,7.88,2.49,5.39,0.0,0.41,0.41,10.37,0.41,36.5,0.41,0.0,5.39,3.32,2.07,1.66,12.86,0.41,0.0,0.41,0.41,0.83,0.0,0.41,1.66,29.86,13.27,17.83,29.03,0.83,2.49,0.0,0.83,1.24,0.0,0.0,0.41,0.41,1.24,9.95,37.33,0.0,30.69,3.32,1.24,6.64,52.67,1.24,1.24,0.83,0.41,2.49,6.22,1.66,4.15,0.41,0.0,0.0,0.0,0.0,0.0,0.0,0.0,0.0,0.0,0.0,0.0,0.0,0.0,0.0,0.0,0.0,0.0,0.0,0.0,0.0,0.0,0.0,0.0,0.0,0.0,0.0,0.0,0.0,0.0,0.0,0.0,0.0,0.0,0.0,0.0,0.0,0.0,0.0,0.0,0.0,0.0,0.0,0.0,0.0,0.0,0.0,0.0,0.0,0.0,0.0,82.2,65.0,0.0,68.4,75.0,0.0,50.0,0.0
Spain_Primera_Division,2025-2026,Club Atlético de Madrid,68wuijmde8bwjn8wi5r0hxmqy,Mario de Luis,Spain,Goalkeeper,33,0.0,0.0,False,0.0,0.0,0.0,0.0,0.0,0.0,0.0,0.0,0.0,0.0,0.0,0.0,0.0,0.0,0.0,0.0,0.0,0.0,0.0,0.0,0.0,0.0,0.0,0.0,0.0,0.0,0.0,0.0,0.0,0.0,0.0,0.0,0.0,0.0,0.0,0.0,0.0,0.0,0.0,0.0,0.0,0.0,0.0,0.0,0.0,0.0,0.0,0.0,0.0,0.0,0.0,0.0,0.0,0.0,0.0,0.0,0.0,0.0,0.0,0.0,0.0,0.0,0.0,0.0,0.0,0.0,0.0,0.0,0.0,0.0,0.0,0.0,0.0,0.0,0.0,0.0,0.0,0.0,0.0,0.0,0.0,0.0,0.0,0.0,0.0,0.0,0.0,0.0,0.0,0.0,0.0,0.0,0.0,0.0,0.0,0.0,0.0,0.0,0.0,0.0,0.0,0.0,0.0,0.0,0.0,0.0,0.0,0.0,0.0,0.0,0.0,0.0,0.0,0.0,0.0,0.0,0.0,0.0,0.0,0.0,0.0,0.0,0.0,0.0,0.0,0.0,0.0,0.0,0.0,0.0,0.0,0.0,0.0,0.0,0.0,0.0,0.0,0.0,0.0,0.0,0.0,0.0,0.0,0.0,0.0,0.0,0.0,0.0,0.0,0.0,0.0,0.0,0.0,0.0,0.0,0.0,0.0,0.0,0.0,0.0,0.0,0.0,0.0,0.0,0.0,0.0,0.0,0.0,0.0,0.0,0.0,0.0,0.0,0.0,0.0,0.0,0.0,0.0,0.0,0.0,0.0,0.0,0.0,0.0,0.0,0.0,0.0,0.0,0.0,0.0,0.0,0.0,0.0,0.0,0.0,0.0,0.0,0.0,0.0,0.0,0.0,0.0,0.0,0.0,0.0,0.0,0.0,0.0,0.0,0.0,0.0,0.0,0.0,0.0,0.0,0.0,0.0,0.0,0.0,0.0,0.0,0.0,0.0,0.0,0.0,0.0,0.0,0.0,0.0,0.0,0.0,0.0,0.0,0.0,0.0,0.0,0.0,0.0,0.0,0.0,0.0,0.0,0.0,0.0,0.0,0.0,0.0,0.0,0.0,0.0,0.0,0.0,0.0,0.0,0.0,0.0,0.0,0.0,0.0,0.0,0.0,0.0,0.0,0.0
